question_id	snippet_slug	rank
final-exam-solutions-for-python-programming-62oop21-q01	oop-init-self-defaults	1
final-exam-solutions-for-python-programming-62oop21-q02	oop-state-and-collection-attributes	1
final-exam-solutions-for-python-programming-62oop21-q03	split-join-replace	1
final-exam-solutions-for-python-programming-62oop21-q04	mutation-vs-return	1
final-exam-solutions-for-python-programming-62oop21-q04	split-join-replace	2
final-exam-solutions-for-python-programming-62oop21-q05	pandas-vectorized-new-columns	1
final-exam-solutions-for-python-programming-62oop21-q07	pandas-loc-iloc	1
final-exam-solutions-for-python-programming-62oop21-q07	pandas-series-vs-dataframe	2
final-exam-solutions-for-python-programming-62oop21-q08	pandas-boolean-mask-and-indexing	1
final-exam-solutions-for-python-programming-62oop21-q09	split-join-replace	1
final-exam-solutions-for-python-programming-62oop21-q10	types-none-bool-equality	1
final-exam-solutions-for-python-programming-62oop21-q11	datetime-timedelta-day-counts	1
final-exam-solutions-for-python-programming-62oop21-q12	datetime-build-from-parts	1
final-exam-solutions-for-python-programming-62oop21-q13	types-none-bool-equality	1
final-exam-solutions-for-python-programming-62oop21-q16	zip-enumerate-core	1
final-exam-solutions-for-python-programming-62oop21-q18	types-none-bool-equality	1
final-exam-solutions-for-python-programming-62oop21-q19	split-join-replace	1
final-exam-solutions-for-python-programming-62oop21-q20	defaults-keyword-arguments	1
final-exam-solutions-for-python-programming-62oop21-q21	defaults-keyword-arguments	1
final-exam-solutions-for-python-programming-62oop21-q23	zip-enumerate-core	1
final-exam-solutions-for-python-programming-62oop21-q23	list-comprehension-patterns	2
final-exam-solutions-for-python-programming-62oop21-q24	builtins-return-values	1
final-exam-study-guide-trial-python-basics-2023-q03	builtins-return-values	1
final-exam-study-guide-trial-python-basics-2023-q04	builtins-return-values	1
final-exam-study-guide-trial-python-basics-2023-q05	dict-build-count-aggregate	1
final-exam-study-guide-trial-python-basics-2023-q06	dict-iteration-equality	1
final-exam-study-guide-trial-python-basics-2023-q08	list-selection-and-aggregation	1
final-exam-study-guide-trial-python-basics-2023-q10	defaults-keyword-arguments	1
final-exam-study-guide-trial-python-basics-2023-q11	slicing-patterns	1
final-exam-study-guide-trial-python-basics-2023-q12	dict-build-count-aggregate	1
final-exam-study-guide-trial-python-basics-2023-q15	datetime-timedelta-day-counts	1
final-exam-study-guide-trial-python-basics-2023-q17	mutation-vs-return	1
final-exam-study-guide-trial-python-basics-2023-q18	targeted-string-edit-patterns	1
final-exam-study-guide-trial-python-basics-2023-q19	pandas-map-vs-apply	1
final-exam-study-guide-trial-python-basics-2023-q20	pandas-vectorized-new-columns	1
final-exam-study-guide-trial-python-basics-2023-q21	datetime-strptime-strftime	1
final-exam-study-guide-trial-python-basics-2023-q22	oop-init-self-defaults	1
final-exam-study-guide-trial-python-basics-2023-q23	fstrings-and-format	1
introduction-to-python-trial-final-exam-solutions-py22-q01	types-none-bool-equality	1
introduction-to-python-trial-final-exam-solutions-py22-q03	builtins-return-values	1
introduction-to-python-trial-final-exam-solutions-py22-q04	zip-enumerate-core	1
introduction-to-python-trial-final-exam-solutions-py22-q05	dict-build-count-aggregate	1
introduction-to-python-trial-final-exam-solutions-py22-q06	builtins-return-values	1
introduction-to-python-trial-final-exam-solutions-py22-q08	list-selection-and-aggregation	1
introduction-to-python-trial-final-exam-solutions-py22-q10	membership-and-condition-logic	1
introduction-to-python-trial-final-exam-solutions-py22-q11	find-index-count	1
introduction-to-python-trial-final-exam-solutions-py22-q14	pandas-loc-iloc	1
introduction-to-python-trial-final-exam-solutions-py22-q15	datetime-strptime-strftime	1
introduction-to-python-trial-final-exam-solutions-py22-q16	oop-state-and-collection-attributes	1
introduction-to-python-trial-final-exam-solutions-py22-q17	mutation-vs-return	1
introduction-to-python-trial-final-exam-solutions-py22-q18	case-and-capitalization	1
introduction-to-python-trial-final-exam-solutions-py22-q18	split-join-replace	2
introduction-to-python-trial-final-exam-solutions-py22-q19	pandas-map-vs-apply	1
introduction-to-python-trial-final-exam-solutions-py22-q20	pandas-sort-index-vs-values	1
introduction-to-python-trial-final-exam-solutions-py22-q21	datetime-build-from-parts	1
introduction-to-python-trial-final-exam-solutions-py22-q22	datetime-build-from-parts	1
introduction-to-python-trial-final-exam-solutions-py22-q24	types-none-bool-equality	1
resit-exam-guidelines-for-intro-to-python-6013b0470y-july-2023-q01	types-none-bool-equality	1
resit-exam-guidelines-for-intro-to-python-6013b0470y-july-2023-q02	return-none-and-function-end	1
resit-exam-guidelines-for-intro-to-python-6013b0470y-july-2023-q03	types-none-bool-equality	1
resit-exam-guidelines-for-intro-to-python-6013b0470y-july-2023-q04	loop-templates	1
resit-exam-guidelines-for-intro-to-python-6013b0470y-july-2023-q05	slicing-patterns	1
resit-exam-guidelines-for-intro-to-python-6013b0470y-july-2023-q05	builtins-return-values	2
resit-exam-guidelines-for-intro-to-python-6013b0470y-july-2023-q09	dict-iteration-equality	1
resit-exam-guidelines-for-intro-to-python-6013b0470y-july-2023-q10	list-comprehension-patterns	1
resit-exam-guidelines-for-intro-to-python-6013b0470y-july-2023-q11	zip-enumerate-core	1
resit-exam-guidelines-for-intro-to-python-6013b0470y-july-2023-q13	find-index-count	1
resit-exam-guidelines-for-intro-to-python-6013b0470y-july-2023-q14	split-join-replace	1
resit-exam-guidelines-for-intro-to-python-6013b0470y-july-2023-q15	url-email-phone-parsing	1
resit-exam-guidelines-for-intro-to-python-6013b0470y-july-2023-q17	datetime-strptime-strftime	1
resit-exam-guidelines-for-intro-to-python-6013b0470y-july-2023-q18	pandas-series-vs-dataframe	1
resit-exam-guidelines-for-intro-to-python-6013b0470y-july-2023-q19	oop-init-self-defaults	1
resit-exam-guidelines-for-intro-to-python-6013b0470y-july-2023-q20	oop-state-and-collection-attributes	1
resit-exam-guidelines-for-intro-to-python-6013b0470y-july-2023-q21	datetime-strptime-strftime	1
resit-exam-guidelines-for-intro-to-python-6013b0470y-july-2023-q22	datetime-build-from-parts	1
resit-exam-guidelines-for-intro-to-python-6013b0470y-july-2023-q23	pandas-vectorized-new-columns	1
resit-exam-guidelines-for-intro-to-python-6013b0470y-july-2023-q24	pandas-vectorized-new-columns	1
resit-solutions-for-introduction-to-python-35761538-q01	types-none-bool-equality	1
resit-solutions-for-introduction-to-python-35761538-q02	return-none-and-function-end	1
resit-solutions-for-introduction-to-python-35761538-q03	types-none-bool-equality	1
resit-solutions-for-introduction-to-python-35761538-q04	loop-templates	1
resit-solutions-for-introduction-to-python-35761538-q05	slicing-patterns	1
resit-solutions-for-introduction-to-python-35761538-q05	builtins-return-values	2
resit-solutions-for-introduction-to-python-35761538-q09	dict-iteration-equality	1
resit-solutions-for-introduction-to-python-35761538-q10	list-comprehension-patterns	1
resit-solutions-for-introduction-to-python-35761538-q11	zip-enumerate-core	1
resit-solutions-for-introduction-to-python-35761538-q13	find-index-count	1
resit-solutions-for-introduction-to-python-35761538-q14	split-join-replace	1
resit-solutions-for-introduction-to-python-35761538-q15	url-email-phone-parsing	1
resit-solutions-for-introduction-to-python-35761538-q17	datetime-strptime-strftime	1
resit-solutions-for-introduction-to-python-35761538-q18	pandas-series-vs-dataframe	1
resit-solutions-for-introduction-to-python-35761538-q19	oop-init-self-defaults	1
resit-solutions-for-introduction-to-python-35761538-q20	oop-state-and-collection-attributes	1
resit-solutions-for-introduction-to-python-35761538-q21	datetime-strptime-strftime	1
resit-solutions-for-introduction-to-python-35761538-q22	datetime-build-from-parts	1
resit-solutions-for-introduction-to-python-35761538-q23	pandas-vectorized-new-columns	1
resit-solutions-for-introduction-to-python-35761538-q24	pandas-vectorized-new-columns	1
sample-final-plus-answers-q01	defaults-keyword-arguments	1
sample-final-plus-answers-q02	oop-compare-and-report-patterns	1
sample-final-plus-answers-q03	zip-enumerate-core	1
sample-final-plus-answers-q04	mutation-vs-return	1
sample-final-plus-answers-q04	url-email-phone-parsing	2
sample-final-plus-answers-q05	pandas-series-vs-dataframe	1
sample-final-plus-answers-q06	pandas-loc-iloc	1
sample-final-plus-answers-q12	case-and-capitalization	1
sample-final-plus-answers-q17	membership-and-condition-logic	1
sample-final-plus-answers-q18	list-selection-and-aggregation	1
sample-final-plus-answers-q19	dict-build-count-aggregate	1
sample-final-plus-answers-q20	zip-enumerate-core	1
sample-final-plus-answers-q23	args-and-kwargs	1
trial-final-exam-solutions-introduction-to-python-3077951-q01	defaults-keyword-arguments	1
trial-final-exam-solutions-introduction-to-python-3077951-q02	oop-compare-and-report-patterns	1
trial-final-exam-solutions-introduction-to-python-3077951-q03	zip-enumerate-core	1
trial-final-exam-solutions-introduction-to-python-3077951-q04	mutation-vs-return	1
trial-final-exam-solutions-introduction-to-python-3077951-q04	url-email-phone-parsing	2
trial-final-exam-solutions-introduction-to-python-3077951-q05	pandas-series-vs-dataframe	1
trial-final-exam-solutions-introduction-to-python-3077951-q06	pandas-loc-iloc	1
trial-final-exam-solutions-introduction-to-python-3077951-q12	case-and-capitalization	1
trial-final-exam-solutions-introduction-to-python-3077951-q17	membership-and-condition-logic	1
trial-final-exam-solutions-introduction-to-python-3077951-q18	list-selection-and-aggregation	1
trial-final-exam-solutions-introduction-to-python-3077951-q19	dict-build-count-aggregate	1
trial-final-exam-solutions-introduction-to-python-3077951-q20	zip-enumerate-core	1
trial-final-exam-solutions-introduction-to-python-3077951-q23	args-and-kwargs	1
