snippet_slug	question_id
args-and-kwargs	final-exam-solutions-for-python-programming-62oop21-q20
args-and-kwargs	final-exam-study-guide-trial-python-basics-2023-q12
args-and-kwargs	introduction-to-python-trial-final-exam-solutions-py22-q12
args-and-kwargs	resit-exam-guidelines-for-intro-to-python-6013b0470y-july-2023-q06
args-and-kwargs	resit-solutions-for-introduction-to-python-35761538-q06
args-and-kwargs	sample-final-plus-answers-q23
args-and-kwargs	trial-final-exam-solutions-introduction-to-python-3077951-q23
builtins-return-values	final-exam-solutions-for-python-programming-62oop21-q24
builtins-return-values	final-exam-study-guide-trial-python-basics-2023-q03
builtins-return-values	final-exam-study-guide-trial-python-basics-2023-q04
builtins-return-values	final-exam-study-guide-trial-python-basics-2023-q11
builtins-return-values	introduction-to-python-trial-final-exam-solutions-py22-q03
builtins-return-values	introduction-to-python-trial-final-exam-solutions-py22-q06
builtins-return-values	introduction-to-python-trial-final-exam-solutions-py22-q11
builtins-return-values	resit-exam-guidelines-for-intro-to-python-6013b0470y-july-2023-q05
builtins-return-values	resit-exam-guidelines-for-intro-to-python-6013b0470y-july-2023-q11
builtins-return-values	resit-solutions-for-introduction-to-python-35761538-q05
builtins-return-values	resit-solutions-for-introduction-to-python-35761538-q11
case-and-capitalization	introduction-to-python-trial-final-exam-solutions-py22-q18
case-and-capitalization	resit-exam-guidelines-for-intro-to-python-6013b0470y-july-2023-q10
case-and-capitalization	resit-solutions-for-introduction-to-python-35761538-q10
case-and-capitalization	sample-final-plus-answers-q12
case-and-capitalization	trial-final-exam-solutions-introduction-to-python-3077951-q12
datetime-build-from-parts	final-exam-solutions-for-python-programming-62oop21-q12
datetime-build-from-parts	final-exam-study-guide-trial-python-basics-2023-q22
datetime-build-from-parts	introduction-to-python-trial-final-exam-solutions-py22-q21
datetime-build-from-parts	introduction-to-python-trial-final-exam-solutions-py22-q22
datetime-build-from-parts	resit-exam-guidelines-for-intro-to-python-6013b0470y-july-2023-q22
datetime-build-from-parts	resit-solutions-for-introduction-to-python-35761538-q22
datetime-overlap-logic	final-exam-solutions-for-python-programming-62oop21-q12
datetime-overlap-logic	introduction-to-python-trial-final-exam-solutions-py22-q21
datetime-sequence-generation	final-exam-study-guide-trial-python-basics-2023-q21
datetime-sequence-generation	introduction-to-python-trial-final-exam-solutions-py22-q22
datetime-sequence-generation	resit-exam-guidelines-for-intro-to-python-6013b0470y-july-2023-q21
datetime-sequence-generation	resit-solutions-for-introduction-to-python-35761538-q21
datetime-strptime-strftime	final-exam-solutions-for-python-programming-62oop21-q11
datetime-strptime-strftime	final-exam-study-guide-trial-python-basics-2023-q15
datetime-strptime-strftime	final-exam-study-guide-trial-python-basics-2023-q21
datetime-strptime-strftime	introduction-to-python-trial-final-exam-solutions-py22-q15
datetime-strptime-strftime	resit-exam-guidelines-for-intro-to-python-6013b0470y-july-2023-q17
datetime-strptime-strftime	resit-exam-guidelines-for-intro-to-python-6013b0470y-july-2023-q21
datetime-strptime-strftime	resit-solutions-for-introduction-to-python-35761538-q17
datetime-strptime-strftime	resit-solutions-for-introduction-to-python-35761538-q21
datetime-strptime-strftime	sample-final-plus-answers-q07
datetime-strptime-strftime	sample-final-plus-answers-q09
datetime-strptime-strftime	trial-final-exam-solutions-introduction-to-python-3077951-q07
datetime-strptime-strftime	trial-final-exam-solutions-introduction-to-python-3077951-q09
datetime-timedelta-day-counts	final-exam-solutions-for-python-programming-62oop21-q11
datetime-timedelta-day-counts	final-exam-study-guide-trial-python-basics-2023-q15
datetime-timedelta-day-counts	introduction-to-python-trial-final-exam-solutions-py22-q15
datetime-timedelta-day-counts	resit-exam-guidelines-for-intro-to-python-6013b0470y-july-2023-q17
datetime-timedelta-day-counts	resit-solutions-for-introduction-to-python-35761538-q17
datetime-timedelta-day-counts	sample-final-plus-answers-q10
datetime-timedelta-day-counts	trial-final-exam-solutions-introduction-to-python-3077951-q10
defaults-keyword-arguments	final-exam-solutions-for-python-programming-62oop21-q20
defaults-keyword-arguments	final-exam-solutions-for-python-programming-62oop21-q21
defaults-keyword-arguments	final-exam-study-guide-trial-python-basics-2023-q10
defaults-keyword-arguments	resit-exam-guidelines-for-intro-to-python-6013b0470y-july-2023-q04
defaults-keyword-arguments	resit-solutions-for-introduction-to-python-35761538-q04
defaults-keyword-arguments	sample-final-plus-answers-q01
defaults-keyword-arguments	trial-final-exam-solutions-introduction-to-python-3077951-q01
dict-build-count-aggregate	final-exam-study-guide-trial-python-basics-2023-q05
dict-build-count-aggregate	final-exam-study-guide-trial-python-basics-2023-q06
dict-build-count-aggregate	final-exam-study-guide-trial-python-basics-2023-q12
dict-build-count-aggregate	introduction-to-python-trial-final-exam-solutions-py22-q05
dict-build-count-aggregate	introduction-to-python-trial-final-exam-solutions-py22-q06
dict-build-count-aggregate	resit-exam-guidelines-for-intro-to-python-6013b0470y-july-2023-q08
dict-build-count-aggregate	resit-exam-guidelines-for-intro-to-python-6013b0470y-july-2023-q09
dict-build-count-aggregate	resit-solutions-for-introduction-to-python-35761538-q08
dict-build-count-aggregate	resit-solutions-for-introduction-to-python-35761538-q09
dict-build-count-aggregate	sample-final-plus-answers-q19
dict-build-count-aggregate	trial-final-exam-solutions-introduction-to-python-3077951-q19
dict-comprehension-patterns	final-exam-solutions-for-python-programming-62oop21-q09
dict-comprehension-patterns	final-exam-solutions-for-python-programming-62oop21-q10
dict-comprehension-patterns	final-exam-study-guide-trial-python-basics-2023-q04
dict-comprehension-patterns	introduction-to-python-trial-final-exam-solutions-py22-q04
dict-comprehension-patterns	resit-exam-guidelines-for-intro-to-python-6013b0470y-july-2023-q07
dict-comprehension-patterns	resit-solutions-for-introduction-to-python-35761538-q07
dict-comprehension-patterns	sample-final-plus-answers-q08
dict-comprehension-patterns	sample-final-plus-answers-q11
dict-comprehension-patterns	trial-final-exam-solutions-introduction-to-python-3077951-q08
dict-comprehension-patterns	trial-final-exam-solutions-introduction-to-python-3077951-q11
dict-iteration-equality	final-exam-solutions-for-python-programming-62oop21-q17
dict-iteration-equality	final-exam-solutions-for-python-programming-62oop21-q18
dict-iteration-equality	final-exam-study-guide-trial-python-basics-2023-q06
dict-iteration-equality	resit-exam-guidelines-for-intro-to-python-6013b0470y-july-2023-q09
dict-iteration-equality	resit-solutions-for-introduction-to-python-35761538-q09
dict-iteration-equality	sample-final-plus-answers-q20
dict-iteration-equality	sample-final-plus-answers-q21
dict-iteration-equality	trial-final-exam-solutions-introduction-to-python-3077951-q20
dict-iteration-equality	trial-final-exam-solutions-introduction-to-python-3077951-q21
dict-running-totals-and-next-links	final-exam-solutions-for-python-programming-62oop21-q16
dict-running-totals-and-next-links	sample-final-plus-answers-q19
dict-running-totals-and-next-links	trial-final-exam-solutions-introduction-to-python-3077951-q19
find-index-count	introduction-to-python-trial-final-exam-solutions-py22-q11
find-index-count	resit-exam-guidelines-for-intro-to-python-6013b0470y-july-2023-q13
find-index-count	resit-solutions-for-introduction-to-python-35761538-q13
find-index-count	sample-final-plus-answers-q22
find-index-count	trial-final-exam-solutions-introduction-to-python-3077951-q22
fstrings-and-format	final-exam-study-guide-trial-python-basics-2023-q13
fstrings-and-format	final-exam-study-guide-trial-python-basics-2023-q23
fstrings-and-format	introduction-to-python-trial-final-exam-solutions-py22-q13
fstrings-and-format	resit-exam-guidelines-for-intro-to-python-6013b0470y-july-2023-q14
fstrings-and-format	resit-solutions-for-introduction-to-python-35761538-q14
fstrings-and-format	sample-final-plus-answers-q03
fstrings-and-format	trial-final-exam-solutions-introduction-to-python-3077951-q03
higher-order-lambda	final-exam-solutions-for-python-programming-62oop21-q22
higher-order-lambda	sample-final-plus-answers-q16
higher-order-lambda	sample-final-plus-answers-q23
higher-order-lambda	trial-final-exam-solutions-introduction-to-python-3077951-q16
higher-order-lambda	trial-final-exam-solutions-introduction-to-python-3077951-q23
imports-and-aliases	sample-final-plus-answers-q24
imports-and-aliases	trial-final-exam-solutions-introduction-to-python-3077951-q24
list-comprehension-patterns	final-exam-solutions-for-python-programming-62oop21-q23
list-comprehension-patterns	final-exam-study-guide-trial-python-basics-2023-q07
list-comprehension-patterns	introduction-to-python-trial-final-exam-solutions-py22-q07
list-comprehension-patterns	resit-exam-guidelines-for-intro-to-python-6013b0470y-july-2023-q10
list-comprehension-patterns	resit-solutions-for-introduction-to-python-35761538-q10
list-comprehension-patterns	sample-final-plus-answers-q12
list-comprehension-patterns	trial-final-exam-solutions-introduction-to-python-3077951-q12
list-selection-and-aggregation	final-exam-solutions-for-python-programming-62oop21-q23
list-selection-and-aggregation	final-exam-solutions-for-python-programming-62oop21-q24
list-selection-and-aggregation	final-exam-study-guide-trial-python-basics-2023-q08
list-selection-and-aggregation	introduction-to-python-trial-final-exam-solutions-py22-q08
list-selection-and-aggregation	sample-final-plus-answers-q18
list-selection-and-aggregation	trial-final-exam-solutions-introduction-to-python-3077951-q18
local-vs-global-scope	final-exam-solutions-for-python-programming-62oop21-q15
local-vs-global-scope	final-exam-study-guide-trial-python-basics-2023-q02
local-vs-global-scope	introduction-to-python-trial-final-exam-solutions-py22-q02
local-vs-global-scope	resit-exam-guidelines-for-intro-to-python-6013b0470y-july-2023-q02
local-vs-global-scope	resit-solutions-for-introduction-to-python-35761538-q02
local-vs-global-scope	sample-final-plus-answers-q15
local-vs-global-scope	trial-final-exam-solutions-introduction-to-python-3077951-q15
loop-templates	final-exam-solutions-for-python-programming-62oop21-q14
loop-templates	resit-exam-guidelines-for-intro-to-python-6013b0470y-july-2023-q04
loop-templates	resit-solutions-for-introduction-to-python-35761538-q04
loop-templates	sample-final-plus-answers-q14
loop-templates	trial-final-exam-solutions-introduction-to-python-3077951-q14
mcq-elimination-checklist	final-exam-solutions-for-python-programming-62oop21-q03
mcq-elimination-checklist	final-exam-solutions-for-python-programming-62oop21-q07
mcq-elimination-checklist	final-exam-study-guide-trial-python-basics-2023-q19
mcq-elimination-checklist	introduction-to-python-trial-final-exam-solutions-py22-q14
mcq-elimination-checklist	resit-exam-guidelines-for-intro-to-python-6013b0470y-july-2023-q18
mcq-elimination-checklist	sample-final-plus-answers-q04
mcq-elimination-checklist	sample-final-plus-answers-q06
mcq-elimination-checklist	sample-final-plus-answers-q15
membership-and-condition-logic	final-exam-study-guide-trial-python-basics-2023-q01
membership-and-condition-logic	introduction-to-python-trial-final-exam-solutions-py22-q01
membership-and-condition-logic	introduction-to-python-trial-final-exam-solutions-py22-q10
membership-and-condition-logic	sample-final-plus-answers-q17
membership-and-condition-logic	trial-final-exam-solutions-introduction-to-python-3077951-q17
mutation-vs-return	final-exam-solutions-for-python-programming-62oop21-q04
mutation-vs-return	final-exam-solutions-for-python-programming-62oop21-q19
mutation-vs-return	final-exam-study-guide-trial-python-basics-2023-q17
mutation-vs-return	introduction-to-python-trial-final-exam-solutions-py22-q17
mutation-vs-return	resit-exam-guidelines-for-intro-to-python-6013b0470y-july-2023-q21
mutation-vs-return	sample-final-plus-answers-q04
nested-indexing-and-negative-indices	final-exam-solutions-for-python-programming-62oop21-q13
nested-indexing-and-negative-indices	resit-exam-guidelines-for-intro-to-python-6013b0470y-july-2023-q01
nested-indexing-and-negative-indices	resit-solutions-for-introduction-to-python-35761538-q01
oop-compare-and-report-patterns	final-exam-solutions-for-python-programming-62oop21-q02
oop-compare-and-report-patterns	final-exam-study-guide-trial-python-basics-2023-q23
oop-compare-and-report-patterns	introduction-to-python-trial-final-exam-solutions-py22-q23
oop-compare-and-report-patterns	resit-exam-guidelines-for-intro-to-python-6013b0470y-july-2023-q20
oop-compare-and-report-patterns	resit-solutions-for-introduction-to-python-35761538-q20
oop-compare-and-report-patterns	sample-final-plus-answers-q02
oop-compare-and-report-patterns	trial-final-exam-solutions-introduction-to-python-3077951-q02
oop-init-self-defaults	final-exam-solutions-for-python-programming-62oop21-q01
oop-init-self-defaults	final-exam-study-guide-trial-python-basics-2023-q16
oop-init-self-defaults	final-exam-study-guide-trial-python-basics-2023-q22
oop-init-self-defaults	introduction-to-python-trial-final-exam-solutions-py22-q16
oop-init-self-defaults	resit-exam-guidelines-for-intro-to-python-6013b0470y-july-2023-q16
oop-init-self-defaults	resit-exam-guidelines-for-intro-to-python-6013b0470y-july-2023-q19
oop-init-self-defaults	resit-solutions-for-introduction-to-python-35761538-q16
oop-init-self-defaults	resit-solutions-for-introduction-to-python-35761538-q19
oop-init-self-defaults	sample-final-plus-answers-q01
oop-init-self-defaults	trial-final-exam-solutions-introduction-to-python-3077951-q01
oop-method-calls-and-self	final-exam-solutions-for-python-programming-62oop21-q01
oop-method-calls-and-self	introduction-to-python-trial-final-exam-solutions-py22-q24
oop-method-calls-and-self	resit-exam-guidelines-for-intro-to-python-6013b0470y-july-2023-q19
oop-method-calls-and-self	resit-solutions-for-introduction-to-python-35761538-q19
oop-state-and-collection-attributes	final-exam-solutions-for-python-programming-62oop21-q02
oop-state-and-collection-attributes	final-exam-study-guide-trial-python-basics-2023-q24
oop-state-and-collection-attributes	introduction-to-python-trial-final-exam-solutions-py22-q16
oop-state-and-collection-attributes	resit-exam-guidelines-for-intro-to-python-6013b0470y-july-2023-q20
oop-state-and-collection-attributes	resit-solutions-for-introduction-to-python-35761538-q20
oop-state-and-collection-attributes	sample-final-plus-answers-q02
oop-state-and-collection-attributes	trial-final-exam-solutions-introduction-to-python-3077951-q02
pandas-boolean-mask-and-indexing	final-exam-solutions-for-python-programming-62oop21-q07
pandas-boolean-mask-and-indexing	final-exam-solutions-for-python-programming-62oop21-q08
pandas-boolean-mask-and-indexing	final-exam-study-guide-trial-python-basics-2023-q19
pandas-boolean-mask-and-indexing	resit-exam-guidelines-for-intro-to-python-6013b0470y-july-2023-q23
pandas-boolean-mask-and-indexing	resit-solutions-for-introduction-to-python-35761538-q23
pandas-build-from-args	resit-exam-guidelines-for-intro-to-python-6013b0470y-july-2023-q15
pandas-build-from-args	resit-solutions-for-introduction-to-python-35761538-q15
pandas-loc-iloc	final-exam-solutions-for-python-programming-62oop21-q07
pandas-loc-iloc	introduction-to-python-trial-final-exam-solutions-py22-q14
pandas-loc-iloc	resit-exam-guidelines-for-intro-to-python-6013b0470y-july-2023-q18
pandas-loc-iloc	resit-solutions-for-introduction-to-python-35761538-q18
pandas-loc-iloc	sample-final-plus-answers-q05
pandas-loc-iloc	sample-final-plus-answers-q06
pandas-loc-iloc	trial-final-exam-solutions-introduction-to-python-3077951-q05
pandas-loc-iloc	trial-final-exam-solutions-introduction-to-python-3077951-q06
pandas-map-vs-apply	final-exam-solutions-for-python-programming-62oop21-q05
pandas-map-vs-apply	final-exam-study-guide-trial-python-basics-2023-q19
pandas-map-vs-apply	final-exam-study-guide-trial-python-basics-2023-q20
pandas-map-vs-apply	introduction-to-python-trial-final-exam-solutions-py22-q19
pandas-map-vs-apply	introduction-to-python-trial-final-exam-solutions-py22-q20
pandas-map-vs-apply	resit-exam-guidelines-for-intro-to-python-6013b0470y-july-2023-q24
pandas-map-vs-apply	resit-solutions-for-introduction-to-python-35761538-q24
pandas-series-vs-dataframe	final-exam-solutions-for-python-programming-62oop21-q07
pandas-series-vs-dataframe	final-exam-study-guide-trial-python-basics-2023-q14
pandas-series-vs-dataframe	introduction-to-python-trial-final-exam-solutions-py22-q14
pandas-series-vs-dataframe	resit-exam-guidelines-for-intro-to-python-6013b0470y-july-2023-q18
pandas-series-vs-dataframe	resit-solutions-for-introduction-to-python-35761538-q18
pandas-series-vs-dataframe	sample-final-plus-answers-q05
pandas-series-vs-dataframe	trial-final-exam-solutions-introduction-to-python-3077951-q05
pandas-sort-index-vs-values	final-exam-solutions-for-python-programming-62oop21-q08
pandas-sort-index-vs-values	introduction-to-python-trial-final-exam-solutions-py22-q20
pandas-sort-index-vs-values	sample-final-plus-answers-q06
pandas-sort-index-vs-values	trial-final-exam-solutions-introduction-to-python-3077951-q06
pandas-string-and-date-columns	introduction-to-python-trial-final-exam-solutions-py22-q19
pandas-string-and-date-columns	resit-exam-guidelines-for-intro-to-python-6013b0470y-july-2023-q22
pandas-string-and-date-columns	resit-solutions-for-introduction-to-python-35761538-q22
pandas-vectorized-new-columns	final-exam-solutions-for-python-programming-62oop21-q05
pandas-vectorized-new-columns	final-exam-solutions-for-python-programming-62oop21-q06
pandas-vectorized-new-columns	final-exam-study-guide-trial-python-basics-2023-q20
pandas-vectorized-new-columns	resit-exam-guidelines-for-intro-to-python-6013b0470y-july-2023-q23
pandas-vectorized-new-columns	resit-exam-guidelines-for-intro-to-python-6013b0470y-july-2023-q24
pandas-vectorized-new-columns	resit-solutions-for-introduction-to-python-35761538-q23
pandas-vectorized-new-columns	resit-solutions-for-introduction-to-python-35761538-q24
return-none-and-function-end	final-exam-solutions-for-python-programming-62oop21-q21
return-none-and-function-end	final-exam-study-guide-trial-python-basics-2023-q10
return-none-and-function-end	resit-exam-guidelines-for-intro-to-python-6013b0470y-july-2023-q02
return-none-and-function-end	resit-exam-guidelines-for-intro-to-python-6013b0470y-july-2023-q03
return-none-and-function-end	resit-solutions-for-introduction-to-python-35761538-q02
return-none-and-function-end	resit-solutions-for-introduction-to-python-35761538-q03
set-vs-list-vs-dict	resit-exam-guidelines-for-intro-to-python-6013b0470y-july-2023-q05
set-vs-list-vs-dict	resit-solutions-for-introduction-to-python-35761538-q05
slicing-patterns	final-exam-study-guide-trial-python-basics-2023-q09
slicing-patterns	final-exam-study-guide-trial-python-basics-2023-q11
slicing-patterns	introduction-to-python-trial-final-exam-solutions-py22-q09
slicing-patterns	resit-exam-guidelines-for-intro-to-python-6013b0470y-july-2023-q05
slicing-patterns	resit-exam-guidelines-for-intro-to-python-6013b0470y-july-2023-q12
slicing-patterns	resit-solutions-for-introduction-to-python-35761538-q05
slicing-patterns	resit-solutions-for-introduction-to-python-35761538-q12
slicing-patterns	sample-final-plus-answers-q18
slicing-patterns	trial-final-exam-solutions-introduction-to-python-3077951-q18
split-join-replace	final-exam-solutions-for-python-programming-62oop21-q03
split-join-replace	final-exam-solutions-for-python-programming-62oop21-q04
split-join-replace	final-exam-solutions-for-python-programming-62oop21-q09
split-join-replace	final-exam-solutions-for-python-programming-62oop21-q19
split-join-replace	final-exam-study-guide-trial-python-basics-2023-q17
split-join-replace	final-exam-study-guide-trial-python-basics-2023-q18
split-join-replace	introduction-to-python-trial-final-exam-solutions-py22-q17
split-join-replace	introduction-to-python-trial-final-exam-solutions-py22-q18
split-join-replace	resit-exam-guidelines-for-intro-to-python-6013b0470y-july-2023-q14
split-join-replace	resit-solutions-for-introduction-to-python-35761538-q14
split-join-replace	sample-final-plus-answers-q04
split-join-replace	trial-final-exam-solutions-introduction-to-python-3077951-q04
targeted-string-edit-patterns	final-exam-solutions-for-python-programming-62oop21-q04
targeted-string-edit-patterns	final-exam-solutions-for-python-programming-62oop21-q19
targeted-string-edit-patterns	final-exam-study-guide-trial-python-basics-2023-q18
targeted-string-edit-patterns	introduction-to-python-trial-final-exam-solutions-py22-q18
targeted-string-edit-patterns	resit-exam-guidelines-for-intro-to-python-6013b0470y-july-2023-q13
targeted-string-edit-patterns	resit-solutions-for-introduction-to-python-35761538-q13
types-none-bool-equality	final-exam-solutions-for-python-programming-62oop21-q10
types-none-bool-equality	final-exam-solutions-for-python-programming-62oop21-q13
types-none-bool-equality	final-exam-solutions-for-python-programming-62oop21-q18
types-none-bool-equality	final-exam-study-guide-trial-python-basics-2023-q03
types-none-bool-equality	introduction-to-python-trial-final-exam-solutions-py22-q01
types-none-bool-equality	introduction-to-python-trial-final-exam-solutions-py22-q03
types-none-bool-equality	introduction-to-python-trial-final-exam-solutions-py22-q24
types-none-bool-equality	resit-exam-guidelines-for-intro-to-python-6013b0470y-july-2023-q01
types-none-bool-equality	resit-exam-guidelines-for-intro-to-python-6013b0470y-july-2023-q03
types-none-bool-equality	resit-solutions-for-introduction-to-python-35761538-q01
types-none-bool-equality	resit-solutions-for-introduction-to-python-35761538-q03
types-none-bool-equality	sample-final-plus-answers-q13
types-none-bool-equality	sample-final-plus-answers-q17
types-none-bool-equality	trial-final-exam-solutions-introduction-to-python-3077951-q13
types-none-bool-equality	trial-final-exam-solutions-introduction-to-python-3077951-q17
url-email-phone-parsing	final-exam-solutions-for-python-programming-62oop21-q03
url-email-phone-parsing	resit-exam-guidelines-for-intro-to-python-6013b0470y-july-2023-q15
url-email-phone-parsing	resit-solutions-for-introduction-to-python-35761538-q15
url-email-phone-parsing	sample-final-plus-answers-q04
url-email-phone-parsing	trial-final-exam-solutions-introduction-to-python-3077951-q04
zip-enumerate-core	final-exam-solutions-for-python-programming-62oop21-q16
zip-enumerate-core	final-exam-solutions-for-python-programming-62oop21-q23
zip-enumerate-core	final-exam-study-guide-trial-python-basics-2023-q05
zip-enumerate-core	final-exam-study-guide-trial-python-basics-2023-q08
zip-enumerate-core	introduction-to-python-trial-final-exam-solutions-py22-q04
zip-enumerate-core	introduction-to-python-trial-final-exam-solutions-py22-q05
zip-enumerate-core	introduction-to-python-trial-final-exam-solutions-py22-q08
zip-enumerate-core	introduction-to-python-trial-final-exam-solutions-py22-q10
zip-enumerate-core	resit-exam-guidelines-for-intro-to-python-6013b0470y-july-2023-q11
zip-enumerate-core	resit-solutions-for-introduction-to-python-35761538-q11
zip-enumerate-core	sample-final-plus-answers-q03
zip-enumerate-core	sample-final-plus-answers-q20
zip-enumerate-core	trial-final-exam-solutions-introduction-to-python-3077951-q03
zip-enumerate-core	trial-final-exam-solutions-introduction-to-python-3077951-q20
