snippet_slug	sort_order	topic_slug	subtopic_slug	title	summary	why	default_priority	difficulty	course_phase	recurrence_level	exam_family_count	question_ref_count	piece_count	readme_path	content_dir
mcq-elimination-checklist	1	survival	answering-strategy	MCQ elimination checklist	A cross-topic decision tree for eliminating bad options before you fully solve the question.	The bank repeatedly rewards fast shape-checking: type, mutation, labels vs positions, parse vs format, and whether code actually returns/prints what the stem asks.	5	beginner	mixed	signature	5	8	3	content/survival/answering-strategy/mcq-elimination-checklist/README.md	content/survival/answering-strategy/mcq-elimination-checklist
mutation-vs-return	2	survival	cross-topic-traps	Mutation vs return value	A single place to remember which operations change an object, which return a new value, and which return `None`.	A large share of wrong options fail because the code forgets that strings are immutable, that `append`/`sort`/`shuffle` mutate in place, or that some expressions return `None`.	5	beginner	mixed	signature	5	6	3	content/survival/cross-topic-traps/mutation-vs-return/README.md	content/survival/cross-topic-traps/mutation-vs-return
both-neither-all-meta-options	3	survival	cross-topic-traps	Both / neither / all-of-the-above patterns	How to handle options like Both / Neither / All of the given options without getting baited.	Many questions are not about syntax alone; they are about evaluating multiple candidate fragments independently, then translating that into the meta-option.	4	beginner	mixed	signature	5	7	3	content/survival/cross-topic-traps/both-neither-all-meta-options/README.md	content/survival/cross-topic-traps/both-neither-all-meta-options
types-none-bool-equality	4	core-python	types-conditions	Types, None, bool, equality	Core Python value semantics: types, `None`, truth values, and equality between strings, ints, floats, and booleans.	Basic-looking MCQs often hide one decisive fact: `'3' != 3`, `3 == 3.0`, empty containers are falsey, and reaching the end of a function returns `None`.	5	beginner	pre-midterm	signature	5	15	3	content/core-python/types-conditions/types-none-bool-equality/README.md	content/core-python/types-conditions/types-none-bool-equality
membership-and-condition-logic	5	core-python	types-conditions	Membership and condition logic	How `in`, `not in`, `and`, `or`, and `not` are used in the bank’s condition questions.	Several questions are solved by recognizing that membership is checked against the right object, and that condition precedence can make a nearly-correct answer wrong.	4	beginner	pre-midterm	common	3	5	3	content/core-python/types-conditions/membership-and-condition-logic/README.md	content/core-python/types-conditions/membership-and-condition-logic
builtins-return-values	6	core-python	types-conditions	Built-ins and what they return	High-yield built-ins that recur in output questions: what they take, what they return, and their usual type.	A surprising number of MCQs are really about remembering one built-in exactly: `len`, `sorted`, `sum`, `max`, `ord`, `type`, `count`, `index`.	4	beginner	pre-midterm	very-common	4	11	3	content/core-python/types-conditions/builtins-return-values/README.md	content/core-python/types-conditions/builtins-return-values
nested-indexing-and-negative-indices	7	core-python	lists-loops	Nested indexing and negative indices	Read nested sequences quickly and avoid off-by-one errors with negative indices.	Several “easy” questions are solved by correctly evaluating expressions like `x[0][1]`, `x[-3][0]`, or by knowing exactly what `-1` and `-2` mean.	4	beginner	pre-midterm	occasional	2	3	3	content/core-python/lists-loops/nested-indexing-and-negative-indices/README.md	content/core-python/lists-loops/nested-indexing-and-negative-indices
slicing-patterns	8	core-python	lists-loops	Slicing patterns	How to read and write slices, especially when the exam asks for every nth element or reverse-order patterns.	Slice blanks and list-construction questions are common, and the distractors usually differ by one subtle issue: start, stop, step, or stop-exclusivity.	5	beginner	pre-midterm	very-common	4	9	3	content/core-python/lists-loops/slicing-patterns/README.md	content/core-python/lists-loops/slicing-patterns
loop-templates	9	core-python	lists-loops	Loop templates	Minimal patterns for range-based loops, while-loops, and loops with a carry variable such as `previous`.	The loop questions are rarely deep; they reward knowing a few exact templates and noticing inclusive vs exclusive bounds.	4	beginner	pre-midterm	common	3	5	3	content/core-python/lists-loops/loop-templates/README.md	content/core-python/lists-loops/loop-templates
zip-enumerate-core	10	core-python	lists-loops	zip() and enumerate() core patterns	The exact shapes of `zip()` and `enumerate()` and how they are used to build dictionaries and paired outputs.	These two functions recur in list, dict, and output questions. Students often mix up index/value order or forget that `enumerate(..., start=1)` shifts numbering.	5	beginner	pre-midterm	signature	5	14	3	content/core-python/lists-loops/zip-enumerate-core/README.md	content/core-python/lists-loops/zip-enumerate-core
list-selection-and-aggregation	11	core-python	lists-loops	List selection and aggregation	Patterns for filtering lists, keeping elements that meet an index-based rule, or selecting one sub-list by a derived statistic.	The bank includes questions where the real task is not syntax but choosing the right selection criterion: equal to index, largest sum, or another derived property.	3	mixed	pre-midterm	very-common	4	6	3	content/core-python/lists-loops/list-selection-and-aggregation/README.md	content/core-python/lists-loops/list-selection-and-aggregation
return-none-and-function-end	12	functions-and-scope	returns-scope	return, None, and function end	Remember what `return` does, what happens without `return`, and why `return some_mutating_method(...)` is often wrong.	Questions on missing `return` and accidental `None` are everywhere, especially in function-definition items.	5	beginner	pre-midterm	common	3	6	3	content/functions-and-scope/returns-scope/return-none-and-function-end/README.md	content/functions-and-scope/returns-scope/return-none-and-function-end
local-vs-global-scope	13	functions-and-scope	returns-scope	Local vs global scope	How names live inside and outside functions, plus the classic shadowing and NameError traps.	Scope questions recur in almost every exam family: a local variable is used outside its function, or assignment inside a function makes Python treat the name as local.	5	beginner	pre-midterm	signature	5	7	3	content/functions-and-scope/returns-scope/local-vs-global-scope/README.md	content/functions-and-scope/returns-scope/local-vs-global-scope
defaults-keyword-arguments	14	functions-and-scope	parameters-flexible-args	Defaults and keyword arguments	How default parameters work, when an argument becomes optional, and how keyword calls are matched.	Questions often hide the whole answer in one tiny detail: a default makes the second argument optional, or a keyword call binds by name instead of position.	4	beginner	pre-midterm	very-common	4	7	3	content/functions-and-scope/parameters-flexible-args/defaults-keyword-arguments/README.md	content/functions-and-scope/parameters-flexible-args/defaults-keyword-arguments
args-and-kwargs	15	functions-and-scope	parameters-flexible-args	*args and **kwargs	The shapes of `*args` and `**kwargs`, and the common tasks the exams build around them.	Flexible-argument questions recur: sum keyword values, compute multiple outputs from any number of integers, or iterate over keyword names in insertion order.	4	mixed	pre-midterm	signature	5	7	3	content/functions-and-scope/parameters-flexible-args/args-and-kwargs/README.md	content/functions-and-scope/parameters-flexible-args/args-and-kwargs
higher-order-lambda	16	functions-and-scope	imports-lambda	Higher-order functions and lambda	Lambda syntax, list-of-lambdas, and functions that receive another function plus values.	Lambda questions are usually short but high-yield: once you know the call shape, they become free points.	4	mixed	pre-midterm	common	2	5	3	content/functions-and-scope/imports-lambda/higher-order-lambda/README.md	content/functions-and-scope/imports-lambda/higher-order-lambda
imports-and-aliases	17	functions-and-scope	imports-lambda	Imports and aliases	Exact name rules for `import`, `from ... import ...`, and aliases.	Import questions are easy to lose for a silly reason: you imported under one name but used another.	3	beginner	pre-midterm	rare	1	2	2	content/functions-and-scope/imports-lambda/imports-and-aliases/README.md	content/functions-and-scope/imports-lambda/imports-and-aliases
split-join-replace	18	strings	methods	split(), join(), replace()	The three most exam-relevant string methods: split into parts, join parts back, and replace text.	These methods power URL/email/phone parsing, sentence shuffling, capitalization fixes, and many distractors.	5	beginner	post-midterm	signature	5	12	3	content/strings/methods/split-join-replace/README.md	content/strings/methods/split-join-replace
find-index-count	19	strings	methods	find(), index(), count()	Search-like string methods: where something starts, how many times it occurs, and when you get `-1` versus an error.	The bank uses these methods directly and also hides them inside “replace only the second occurrence” questions.	4	beginner	post-midterm	common	3	5	3	content/strings/methods/find-index-count/README.md	content/strings/methods/find-index-count
case-and-capitalization	20	strings	methods	Case methods and capitalization	The case methods that appear most often: `lower`, `upper`, `islower`, `isupper`, and `capitalize`.	Case conversion appears in list comprehensions, proper-noun cleanup, and string-validation distractors.	3	beginner	post-midterm	common	3	5	2	content/strings/methods/case-and-capitalization/README.md	content/strings/methods/case-and-capitalization
fstrings-and-format	21	strings	formatting	f-strings and .format()	String formatting patterns that actually show up in the bank: f-strings, positional `.format`, and named placeholders.	Formatting questions are usually won by reading placeholders carefully and spotting spelling/placeholder mismatches.	4	beginner	post-midterm	very-common	4	7	3	content/strings/formatting/fstrings-and-format/README.md	content/strings/formatting/fstrings-and-format
targeted-string-edit-patterns	22	strings	formatting	Targeted string edits	Small but common string-edit tasks: swap two marked letters, replace only one occurrence, or normalize text before comparison.	These questions reward knowing the exact order of operations, especially because strings are immutable and `replace(..., count)` works left-to-right.	4	mixed	post-midterm	very-common	4	6	3	content/strings/formatting/targeted-string-edit-patterns/README.md	content/strings/formatting/targeted-string-edit-patterns
url-email-phone-parsing	23	strings	parsing	URL, email, and phone parsing	Reusable parsing pipelines for URLs, email addresses, and phone numbers.	The exam likes “extract piece X from string Y” questions. They are easiest when you think in short pipelines.	5	mixed	post-midterm	common	3	5	3	content/strings/parsing/url-email-phone-parsing/README.md	content/strings/parsing/url-email-phone-parsing
dict-build-count-aggregate	24	dicts-and-comprehensions	dicts	Build, count, and aggregate dictionaries	How to build dictionaries from lists, count frequencies, and aggregate values from a dictionary.	Dictionary construction and counting are a core pre-midterm pattern that still shows up in finals and resits.	5	beginner	pre-midterm	very-common	4	11	3	content/dicts-and-comprehensions/dicts/dict-build-count-aggregate/README.md	content/dicts-and-comprehensions/dicts/dict-build-count-aggregate
dict-iteration-equality	25	dicts-and-comprehensions	dicts	Dictionary iteration and equality	The dict facts that exam setters love: equality ignores order, direct iteration yields keys, and `.values()` / `.items()` matter.	This is one of the most repeated distractor families in the bank.	5	beginner	pre-midterm	very-common	4	9	3	content/dicts-and-comprehensions/dicts/dict-iteration-equality/README.md	content/dicts-and-comprehensions/dicts/dict-iteration-equality
dict-running-totals-and-next-links	26	dicts-and-comprehensions	dicts	Running totals and next-link dictionaries	Two recurring dict-construction tasks: cumulative totals and linking each item to the next item.	These are a little more “algorithmic” than the average MCQ, so having the exact templates saves space and time.	4	mixed	pre-midterm	occasional	2	3	3	content/dicts-and-comprehensions/dicts/dict-running-totals-and-next-links/README.md	content/dicts-and-comprehensions/dicts/dict-running-totals-and-next-links
list-comprehension-patterns	27	dicts-and-comprehensions	comprehensions	List comprehension patterns	The two list-comprehension forms you actually need: filter-only and map-with-conditional-expression.	These appear repeatedly and are easy to compress into one mental template.	5	beginner	post-midterm	signature	5	7	3	content/dicts-and-comprehensions/comprehensions/list-comprehension-patterns/README.md	content/dicts-and-comprehensions/comprehensions/list-comprehension-patterns
dict-comprehension-patterns	28	dicts-and-comprehensions	comprehensions	Dictionary comprehension patterns	Short templates for building dictionaries with comprehensions, plus the few transformations that recur in the bank.	This is one of the most repeated patterns across the exams.	5	beginner	post-midterm	signature	5	10	3	content/dicts-and-comprehensions/comprehensions/dict-comprehension-patterns/README.md	content/dicts-and-comprehensions/comprehensions/dict-comprehension-patterns
set-vs-list-vs-dict	29	dicts-and-comprehensions	comprehensions	Set vs list vs dict	When to use a set, and how set behavior differs from lists and dicts in the kinds of MCQs this course uses.	A few deceptively simple options rely on knowing that sets remove duplicates and that dict membership checks keys, not values.	3	beginner	post-midterm	rare	1	2	2	content/dicts-and-comprehensions/comprehensions/set-vs-list-vs-dict/README.md	content/dicts-and-comprehensions/comprehensions/set-vs-list-vs-dict
oop-init-self-defaults	30	oop	constructors-and-state	__init__, self, defaults, attributes	Constructor essentials: `__init__`, `self`, default attributes, and what must be assigned onto the instance.	The most repeated OOP pattern in the bank is a class definition where one option forgets `self`, forgets a default, or forgets to save attributes on the instance.	5	beginner	post-midterm	signature	5	10	3	content/oop/constructors-and-state/oop-init-self-defaults/README.md	content/oop/constructors-and-state/oop-init-self-defaults
oop-state-and-collection-attributes	31	oop	constructors-and-state	Object state and collection attributes	How objects store changing state, especially lists such as reviews or stored child objects like cars in a garage.	Many class questions are about an internal list attribute that grows over time, or capacity/state logic that depends on it.	4	mixed	post-midterm	signature	5	7	3	content/oop/constructors-and-state/oop-state-and-collection-attributes/README.md	content/oop/constructors-and-state/oop-state-and-collection-attributes
oop-method-calls-and-self	32	oop	methods-and-comparison	Method calls and self	Define methods with `self`, call them on the object, and do not pass `self` again manually.	A classic exam trap is an otherwise-correct method call that passes the object twice.	4	beginner	post-midterm	common	3	4	3	content/oop/methods-and-comparison/oop-method-calls-and-self/README.md	content/oop/methods-and-comparison/oop-method-calls-and-self
oop-compare-and-report-patterns	33	oop	methods-and-comparison	Compare/report method patterns	How the bank writes comparison/report methods: use helper methods, compare object state carefully, then return a title/string/report.	These are common ‘long OOP’ questions. Once you see the pattern, they become template filling rather than full problem solving.	4	mixed	post-midterm	signature	5	7	3	content/oop/methods-and-comparison/oop-compare-and-report-patterns/README.md	content/oop/methods-and-comparison/oop-compare-and-report-patterns
datetime-strptime-strftime	34	datetime	parsing-formatting	strptime() and strftime()	The parse/format split, plus the directive patterns that recur throughout the exams.	Datetime questions often look harder than they are; most boil down to one directive string and knowing whether you are parsing or formatting.	5	mixed	post-midterm	signature	5	12	3	content/datetime/parsing-formatting/datetime-strptime-strftime/README.md	content/datetime/parsing-formatting/datetime-strptime-strftime
datetime-build-from-parts	35	datetime	parsing-formatting	Build datetimes from parts	Build a full datetime from separate date parts, or from a date string plus a time string.	This shows up in both OOP and pandas questions where day/month/year or hour/minute arrive separately.	4	mixed	post-midterm	very-common	4	6	3	content/datetime/parsing-formatting/datetime-build-from-parts/README.md	content/datetime/parsing-formatting/datetime-build-from-parts
datetime-timedelta-day-counts	36	datetime	arithmetic-and-overlap	timedelta and day counts	Use `timedelta` for shifting datetimes and `.days` for whole-day differences.	This snippet covers day-of-year, day differences, one-week jumps, and inclusive counting questions.	5	mixed	post-midterm	signature	5	7	3	content/datetime/arithmetic-and-overlap/datetime-timedelta-day-counts/README.md	content/datetime/arithmetic-and-overlap/datetime-timedelta-day-counts
datetime-overlap-logic	37	datetime	arithmetic-and-overlap	Overlap logic	The overlap rule for meetings/events and the common string-vs-datetime mistakes around it.	Meeting/lunch-overlap questions recur and are surprisingly template-like.	4	mixed	post-midterm	occasional	2	2	3	content/datetime/arithmetic-and-overlap/datetime-overlap-logic/README.md	content/datetime/arithmetic-and-overlap/datetime-overlap-logic
datetime-sequence-generation	38	datetime	sequence-generation	Date sequences	How to generate weekly date series, keep them computable, and only format them at the end.	The bank uses both list-based and DataFrame-based weekly-date generation tasks.	4	mixed	post-midterm	common	3	4	3	content/datetime/sequence-generation/datetime-sequence-generation/README.md	content/datetime/sequence-generation/datetime-sequence-generation
pandas-series-vs-dataframe	39	pandas	selection	Series vs DataFrame	The shape difference between selecting one column as a Series and selecting one-column DataFrame slices.	Several pandas questions are solved instantly once you know whether an option returns a Series or a DataFrame.	5	mixed	post-midterm	signature	5	7	3	content/pandas/selection/pandas-series-vs-dataframe/README.md	content/pandas/selection/pandas-series-vs-dataframe
pandas-loc-iloc	40	pandas	selection	loc vs iloc	Use `loc` for labels and `iloc` for integer positions. This single distinction solves many pandas MCQs.	The exams repeatedly mix DataFrames with row labels starting at 1 and positional indexing starting at 0.	5	mixed	post-midterm	very-common	4	8	3	content/pandas/selection/pandas-loc-iloc/README.md	content/pandas/selection/pandas-loc-iloc
pandas-boolean-mask-and-indexing	41	pandas	selection	Boolean masks and indexing	Filter rows with boolean conditions and combine conditions safely.	This is one of the highest-frequency pandas skills in the bank.	5	mixed	post-midterm	common	3	5	3	content/pandas/selection/pandas-boolean-mask-and-indexing/README.md	content/pandas/selection/pandas-boolean-mask-and-indexing
pandas-vectorized-new-columns	42	pandas	transforms	Vectorized new columns	Create new columns with vectorized column arithmetic instead of row-by-row Python loops where possible.	Many pandas questions are easiest because the answer is just `df['new'] = df['A'] - df['B']` or a similar vectorized expression.	5	mixed	post-midterm	common	3	7	3	content/pandas/transforms/pandas-vectorized-new-columns/README.md	content/pandas/transforms/pandas-vectorized-new-columns
pandas-map-vs-apply	43	pandas	transforms	map() vs apply()	When to use `Series.map(...)` and when to use `DataFrame.apply(..., axis=1)`.	This is the main pandas trap family: elementwise vs rowwise reasoning.	5	mixed	post-midterm	very-common	4	7	3	content/pandas/transforms/pandas-map-vs-apply/README.md	content/pandas/transforms/pandas-map-vs-apply
pandas-string-and-date-columns	44	pandas	transforms	String/date columns	Common column transforms on strings and dates: abbreviations, suffixes, replacements, and building date strings.	These questions look varied but collapse to a few short patterns.	4	mixed	post-midterm	occasional	2	3	3	content/pandas/transforms/pandas-string-and-date-columns/README.md	content/pandas/transforms/pandas-string-and-date-columns
pandas-build-from-args	45	pandas	construction-and-sorting	Build DataFrames from arguments	Build a DataFrame from flexible arguments by collecting one list per column and passing them into `pd.DataFrame(...)`.	The email-address question is a pure template once you know the shape.	3	mixed	post-midterm	rare	1	2	2	content/pandas/construction-and-sorting/pandas-build-from-args/README.md	content/pandas/construction-and-sorting/pandas-build-from-args
pandas-sort-index-vs-values	46	pandas	construction-and-sorting	sort_index() vs sort_values()	Choose `sort_index` when ordering by labels and `sort_values` when ordering by column contents.	Several pandas reverse-engineering questions depend on this distinction.	4	mixed	post-midterm	common	3	4	3	content/pandas/construction-and-sorting/pandas-sort-index-vs-values/README.md	content/pandas/construction-and-sorting/pandas-sort-index-vs-values
