trap_slug	label	description	question_ref_count	exam_family_count	snippet_count	piece_count	recurrence_level	question_refs
bool_sum_counts_true	Bool Sum Counts True	Because booleans are integers in Python, summing booleans counts how many values are `True`.	24	5	2	0	signature	sample-final-plus-answers-q08|sample-final-plus-answers-q11|sample-final-plus-answers-q13|sample-final-plus-answers-q17|final-exam-solutions-for-python-programming-62oop21-q09|final-exam-solutions-for-python-programming-62oop21-q10|final-exam-solutions-for-python-programming-62oop21-q13|final-exam-solutions-for-python-programming-62oop21-q18|final-exam-study-guide-trial-python-basics-2023-q03|final-exam-study-guide-trial-python-basics-2023-q04|introduction-to-python-trial-final-exam-solutions-py22-q01|introduction-to-python-trial-final-exam-solutions-py22-q03|introduction-to-python-trial-final-exam-solutions-py22-q04|introduction-to-python-trial-final-exam-solutions-py22-q24|resit-exam-guidelines-for-intro-to-python-6013b0470y-july-2023-q01|resit-exam-guidelines-for-intro-to-python-6013b0470y-july-2023-q03|resit-exam-guidelines-for-intro-to-python-6013b0470y-july-2023-q07|resit-solutions-for-introduction-to-python-35761538-q01|resit-solutions-for-introduction-to-python-35761538-q03|resit-solutions-for-introduction-to-python-35761538-q07|trial-final-exam-solutions-introduction-to-python-3077951-q08|trial-final-exam-solutions-introduction-to-python-3077951-q11|trial-final-exam-solutions-introduction-to-python-3077951-q13|trial-final-exam-solutions-introduction-to-python-3077951-q17
string_immutable_reassign	String Immutable Reassign	String methods return a new string; the original string stays unchanged unless you reassign it.	23	5	5	0	signature	sample-final-plus-answers-q04|sample-final-plus-answers-q06|sample-final-plus-answers-q15|final-exam-solutions-for-python-programming-62oop21-q03|final-exam-solutions-for-python-programming-62oop21-q04|final-exam-solutions-for-python-programming-62oop21-q07|final-exam-solutions-for-python-programming-62oop21-q09|final-exam-solutions-for-python-programming-62oop21-q19|final-exam-study-guide-trial-python-basics-2023-q17|final-exam-study-guide-trial-python-basics-2023-q18|final-exam-study-guide-trial-python-basics-2023-q19|introduction-to-python-trial-final-exam-solutions-py22-q14|introduction-to-python-trial-final-exam-solutions-py22-q17|introduction-to-python-trial-final-exam-solutions-py22-q18|resit-exam-guidelines-for-intro-to-python-6013b0470y-july-2023-q13|resit-exam-guidelines-for-intro-to-python-6013b0470y-july-2023-q14|resit-exam-guidelines-for-intro-to-python-6013b0470y-july-2023-q15|resit-exam-guidelines-for-intro-to-python-6013b0470y-july-2023-q18|resit-exam-guidelines-for-intro-to-python-6013b0470y-july-2023-q21|resit-solutions-for-introduction-to-python-35761538-q13|resit-solutions-for-introduction-to-python-35761538-q14|resit-solutions-for-introduction-to-python-35761538-q15|trial-final-exam-solutions-introduction-to-python-3077951-q04
implicit_return_none	Implicit Return None	A function without an explicit `return` returns `None`.	19	5	2	0	signature	sample-final-plus-answers-q13|sample-final-plus-answers-q17|final-exam-solutions-for-python-programming-62oop21-q10|final-exam-solutions-for-python-programming-62oop21-q13|final-exam-solutions-for-python-programming-62oop21-q18|final-exam-solutions-for-python-programming-62oop21-q21|final-exam-study-guide-trial-python-basics-2023-q03|final-exam-study-guide-trial-python-basics-2023-q10|introduction-to-python-trial-final-exam-solutions-py22-q01|introduction-to-python-trial-final-exam-solutions-py22-q03|introduction-to-python-trial-final-exam-solutions-py22-q24|resit-exam-guidelines-for-intro-to-python-6013b0470y-july-2023-q01|resit-exam-guidelines-for-intro-to-python-6013b0470y-july-2023-q02|resit-exam-guidelines-for-intro-to-python-6013b0470y-july-2023-q03|resit-solutions-for-introduction-to-python-35761538-q01|resit-solutions-for-introduction-to-python-35761538-q02|resit-solutions-for-introduction-to-python-35761538-q03|trial-final-exam-solutions-introduction-to-python-3077951-q13|trial-final-exam-solutions-introduction-to-python-3077951-q17
method_returns_none	Method Returns None	A mutating method changed the object in place, but the expression itself evaluates to `None`.	19	5	3	0	signature	sample-final-plus-answers-q04|sample-final-plus-answers-q06|sample-final-plus-answers-q15|final-exam-solutions-for-python-programming-62oop21-q03|final-exam-solutions-for-python-programming-62oop21-q04|final-exam-solutions-for-python-programming-62oop21-q07|final-exam-solutions-for-python-programming-62oop21-q19|final-exam-solutions-for-python-programming-62oop21-q21|final-exam-study-guide-trial-python-basics-2023-q10|final-exam-study-guide-trial-python-basics-2023-q17|final-exam-study-guide-trial-python-basics-2023-q19|introduction-to-python-trial-final-exam-solutions-py22-q14|introduction-to-python-trial-final-exam-solutions-py22-q17|resit-exam-guidelines-for-intro-to-python-6013b0470y-july-2023-q02|resit-exam-guidelines-for-intro-to-python-6013b0470y-july-2023-q03|resit-exam-guidelines-for-intro-to-python-6013b0470y-july-2023-q18|resit-exam-guidelines-for-intro-to-python-6013b0470y-july-2023-q21|resit-solutions-for-introduction-to-python-35761538-q02|resit-solutions-for-introduction-to-python-35761538-q03
comparison_chain	Comparison Chain	Chained comparisons like `a < b < c` are not the same as comparing booleans or tuples.	15	5	1	0	signature	sample-final-plus-answers-q13|sample-final-plus-answers-q17|final-exam-solutions-for-python-programming-62oop21-q10|final-exam-solutions-for-python-programming-62oop21-q13|final-exam-solutions-for-python-programming-62oop21-q18|final-exam-study-guide-trial-python-basics-2023-q03|introduction-to-python-trial-final-exam-solutions-py22-q01|introduction-to-python-trial-final-exam-solutions-py22-q03|introduction-to-python-trial-final-exam-solutions-py22-q24|resit-exam-guidelines-for-intro-to-python-6013b0470y-july-2023-q01|resit-exam-guidelines-for-intro-to-python-6013b0470y-july-2023-q03|resit-solutions-for-introduction-to-python-35761538-q01|resit-solutions-for-introduction-to-python-35761538-q03|trial-final-exam-solutions-introduction-to-python-3077951-q13|trial-final-exam-solutions-introduction-to-python-3077951-q17
default_arg_optional	Default Arg Optional	A parameter with a default is optional when calling the function.	15	5	2	0	signature	sample-final-plus-answers-q01|final-exam-solutions-for-python-programming-62oop21-q01|final-exam-solutions-for-python-programming-62oop21-q20|final-exam-solutions-for-python-programming-62oop21-q21|final-exam-study-guide-trial-python-basics-2023-q10|final-exam-study-guide-trial-python-basics-2023-q16|final-exam-study-guide-trial-python-basics-2023-q22|introduction-to-python-trial-final-exam-solutions-py22-q16|resit-exam-guidelines-for-intro-to-python-6013b0470y-july-2023-q04|resit-exam-guidelines-for-intro-to-python-6013b0470y-july-2023-q16|resit-exam-guidelines-for-intro-to-python-6013b0470y-july-2023-q19|resit-solutions-for-introduction-to-python-35761538-q04|resit-solutions-for-introduction-to-python-35761538-q16|resit-solutions-for-introduction-to-python-35761538-q19|trial-final-exam-solutions-introduction-to-python-3077951-q01
float_int_string_equality	Float Int String Equality	Python can treat some numeric types as equal (`True == 1`, `1 == 1.0`), but strings stay separate.	15	5	1	0	signature	sample-final-plus-answers-q13|sample-final-plus-answers-q17|final-exam-solutions-for-python-programming-62oop21-q10|final-exam-solutions-for-python-programming-62oop21-q13|final-exam-solutions-for-python-programming-62oop21-q18|final-exam-study-guide-trial-python-basics-2023-q03|introduction-to-python-trial-final-exam-solutions-py22-q01|introduction-to-python-trial-final-exam-solutions-py22-q03|introduction-to-python-trial-final-exam-solutions-py22-q24|resit-exam-guidelines-for-intro-to-python-6013b0470y-july-2023-q01|resit-exam-guidelines-for-intro-to-python-6013b0470y-july-2023-q03|resit-solutions-for-introduction-to-python-35761538-q01|resit-solutions-for-introduction-to-python-35761538-q03|trial-final-exam-solutions-introduction-to-python-3077951-q13|trial-final-exam-solutions-introduction-to-python-3077951-q17
enumerate_gives_index_value	Enumerate Gives Index Value	`enumerate(iterable)` yields `(index, value)` pairs, in that order.	14	5	1	0	signature	sample-final-plus-answers-q03|sample-final-plus-answers-q20|final-exam-solutions-for-python-programming-62oop21-q16|final-exam-solutions-for-python-programming-62oop21-q23|final-exam-study-guide-trial-python-basics-2023-q05|final-exam-study-guide-trial-python-basics-2023-q08|introduction-to-python-trial-final-exam-solutions-py22-q04|introduction-to-python-trial-final-exam-solutions-py22-q05|introduction-to-python-trial-final-exam-solutions-py22-q08|introduction-to-python-trial-final-exam-solutions-py22-q10|resit-exam-guidelines-for-intro-to-python-6013b0470y-july-2023-q11|resit-solutions-for-introduction-to-python-35761538-q11|trial-final-exam-solutions-introduction-to-python-3077951-q03|trial-final-exam-solutions-introduction-to-python-3077951-q20
local_scope_nameerror	Local Scope Nameerror	A local name is not visible outside the function where it was created.	14	5	2	0	signature	sample-final-plus-answers-q04|sample-final-plus-answers-q06|sample-final-plus-answers-q15|final-exam-solutions-for-python-programming-62oop21-q03|final-exam-solutions-for-python-programming-62oop21-q07|final-exam-solutions-for-python-programming-62oop21-q15|final-exam-study-guide-trial-python-basics-2023-q02|final-exam-study-guide-trial-python-basics-2023-q19|introduction-to-python-trial-final-exam-solutions-py22-q02|introduction-to-python-trial-final-exam-solutions-py22-q14|resit-exam-guidelines-for-intro-to-python-6013b0470y-july-2023-q02|resit-exam-guidelines-for-intro-to-python-6013b0470y-july-2023-q18|resit-solutions-for-introduction-to-python-35761538-q02|trial-final-exam-solutions-introduction-to-python-3077951-q15
zip_pairs_positionally	Zip Pairs Positionally	`zip(a, b)` pairs items by position, not by value matching.	14	5	1	0	signature	sample-final-plus-answers-q03|sample-final-plus-answers-q20|final-exam-solutions-for-python-programming-62oop21-q16|final-exam-solutions-for-python-programming-62oop21-q23|final-exam-study-guide-trial-python-basics-2023-q05|final-exam-study-guide-trial-python-basics-2023-q08|introduction-to-python-trial-final-exam-solutions-py22-q04|introduction-to-python-trial-final-exam-solutions-py22-q05|introduction-to-python-trial-final-exam-solutions-py22-q08|introduction-to-python-trial-final-exam-solutions-py22-q10|resit-exam-guidelines-for-intro-to-python-6013b0470y-july-2023-q11|resit-solutions-for-introduction-to-python-35761538-q11|trial-final-exam-solutions-introduction-to-python-3077951-q03|trial-final-exam-solutions-introduction-to-python-3077951-q20
date_directive_order	Date Directive Order	Datetime directives must match the input order exactly (`%d/%m/%Y` is not `%m/%d/%Y`).	12	5	1	0	signature	sample-final-plus-answers-q07|sample-final-plus-answers-q09|final-exam-solutions-for-python-programming-62oop21-q11|final-exam-study-guide-trial-python-basics-2023-q15|final-exam-study-guide-trial-python-basics-2023-q21|introduction-to-python-trial-final-exam-solutions-py22-q15|resit-exam-guidelines-for-intro-to-python-6013b0470y-july-2023-q17|resit-exam-guidelines-for-intro-to-python-6013b0470y-july-2023-q21|resit-solutions-for-introduction-to-python-35761538-q17|resit-solutions-for-introduction-to-python-35761538-q21|trial-final-exam-solutions-introduction-to-python-3077951-q07|trial-final-exam-solutions-introduction-to-python-3077951-q09
join_called_on_separator	Join Called On Separator	`join` is called on the separator string, not on the list of pieces.	12	5	1	0	signature	sample-final-plus-answers-q04|final-exam-solutions-for-python-programming-62oop21-q03|final-exam-solutions-for-python-programming-62oop21-q04|final-exam-solutions-for-python-programming-62oop21-q09|final-exam-solutions-for-python-programming-62oop21-q19|final-exam-study-guide-trial-python-basics-2023-q17|final-exam-study-guide-trial-python-basics-2023-q18|introduction-to-python-trial-final-exam-solutions-py22-q17|introduction-to-python-trial-final-exam-solutions-py22-q18|resit-exam-guidelines-for-intro-to-python-6013b0470y-july-2023-q14|resit-solutions-for-introduction-to-python-35761538-q14|trial-final-exam-solutions-introduction-to-python-3077951-q04
loc_vs_iloc	Loc Vs Iloc	`loc` uses labels; `iloc` uses integer positions.	12	5	2	0	signature	sample-final-plus-answers-q04|sample-final-plus-answers-q05|sample-final-plus-answers-q06|sample-final-plus-answers-q15|final-exam-solutions-for-python-programming-62oop21-q03|final-exam-solutions-for-python-programming-62oop21-q07|final-exam-study-guide-trial-python-basics-2023-q19|introduction-to-python-trial-final-exam-solutions-py22-q14|resit-exam-guidelines-for-intro-to-python-6013b0470y-july-2023-q18|resit-solutions-for-introduction-to-python-35761538-q18|trial-final-exam-solutions-introduction-to-python-3077951-q05|trial-final-exam-solutions-introduction-to-python-3077951-q06
strptime_vs_strftime	Strptime Vs Strftime	`strptime` parses strings into datetime objects; `strftime` formats datetime objects into strings.	12	5	1	0	signature	sample-final-plus-answers-q07|sample-final-plus-answers-q09|final-exam-solutions-for-python-programming-62oop21-q11|final-exam-study-guide-trial-python-basics-2023-q15|final-exam-study-guide-trial-python-basics-2023-q21|introduction-to-python-trial-final-exam-solutions-py22-q15|resit-exam-guidelines-for-intro-to-python-6013b0470y-july-2023-q17|resit-exam-guidelines-for-intro-to-python-6013b0470y-july-2023-q21|resit-solutions-for-introduction-to-python-35761538-q17|resit-solutions-for-introduction-to-python-35761538-q21|trial-final-exam-solutions-introduction-to-python-3077951-q07|trial-final-exam-solutions-introduction-to-python-3077951-q09
builtin_return_type	Builtin Return Type	The code fails because the built-in returns a different type than the distractor assumes.	11	4	1	0	signature	final-exam-solutions-for-python-programming-62oop21-q24|final-exam-study-guide-trial-python-basics-2023-q03|final-exam-study-guide-trial-python-basics-2023-q04|final-exam-study-guide-trial-python-basics-2023-q11|introduction-to-python-trial-final-exam-solutions-py22-q03|introduction-to-python-trial-final-exam-solutions-py22-q06|introduction-to-python-trial-final-exam-solutions-py22-q11|resit-exam-guidelines-for-intro-to-python-6013b0470y-july-2023-q05|resit-exam-guidelines-for-intro-to-python-6013b0470y-july-2023-q11|resit-solutions-for-introduction-to-python-35761538-q05|resit-solutions-for-introduction-to-python-35761538-q11
dict_counting_pattern	Dict Counting Pattern	The pattern should accumulate counts into a dictionary instead of overwriting or appending elsewhere.	11	4	1	0	signature	sample-final-plus-answers-q19|final-exam-study-guide-trial-python-basics-2023-q05|final-exam-study-guide-trial-python-basics-2023-q06|final-exam-study-guide-trial-python-basics-2023-q12|introduction-to-python-trial-final-exam-solutions-py22-q05|introduction-to-python-trial-final-exam-solutions-py22-q06|resit-exam-guidelines-for-intro-to-python-6013b0470y-july-2023-q08|resit-exam-guidelines-for-intro-to-python-6013b0470y-july-2023-q09|resit-solutions-for-introduction-to-python-35761538-q08|resit-solutions-for-introduction-to-python-35761538-q09|trial-final-exam-solutions-introduction-to-python-3077951-q19
keys_vs_values	Keys Vs Values	The question distinguishes between dictionary keys and dictionary values; distractors swap them.	11	4	1	0	signature	sample-final-plus-answers-q19|final-exam-study-guide-trial-python-basics-2023-q05|final-exam-study-guide-trial-python-basics-2023-q06|final-exam-study-guide-trial-python-basics-2023-q12|introduction-to-python-trial-final-exam-solutions-py22-q05|introduction-to-python-trial-final-exam-solutions-py22-q06|resit-exam-guidelines-for-intro-to-python-6013b0470y-july-2023-q08|resit-exam-guidelines-for-intro-to-python-6013b0470y-july-2023-q09|resit-solutions-for-introduction-to-python-35761538-q08|resit-solutions-for-introduction-to-python-35761538-q09|trial-final-exam-solutions-introduction-to-python-3077951-q19
missing_self	Missing Self	Instance methods need `self` as the first parameter in the method definition.	11	5	2	0	signature	sample-final-plus-answers-q01|final-exam-solutions-for-python-programming-62oop21-q01|final-exam-study-guide-trial-python-basics-2023-q16|final-exam-study-guide-trial-python-basics-2023-q22|introduction-to-python-trial-final-exam-solutions-py22-q16|introduction-to-python-trial-final-exam-solutions-py22-q24|resit-exam-guidelines-for-intro-to-python-6013b0470y-july-2023-q16|resit-exam-guidelines-for-intro-to-python-6013b0470y-july-2023-q19|resit-solutions-for-introduction-to-python-35761538-q16|resit-solutions-for-introduction-to-python-35761538-q19|trial-final-exam-solutions-introduction-to-python-3077951-q01
sort_vs_sorted	Sort Vs Sorted	`sorted(x)` returns a new sorted object; `x.sort()` mutates in place and returns `None`.	11	4	1	0	signature	final-exam-solutions-for-python-programming-62oop21-q24|final-exam-study-guide-trial-python-basics-2023-q03|final-exam-study-guide-trial-python-basics-2023-q04|final-exam-study-guide-trial-python-basics-2023-q11|introduction-to-python-trial-final-exam-solutions-py22-q03|introduction-to-python-trial-final-exam-solutions-py22-q06|introduction-to-python-trial-final-exam-solutions-py22-q11|resit-exam-guidelines-for-intro-to-python-6013b0470y-july-2023-q05|resit-exam-guidelines-for-intro-to-python-6013b0470y-july-2023-q11|resit-solutions-for-introduction-to-python-35761538-q05|resit-solutions-for-introduction-to-python-35761538-q11
timedelta_requires_datetime	Timedelta Requires Datetime	Date arithmetic with `timedelta` works on date/datetime objects, not raw strings.	11	5	2	0	signature	sample-final-plus-answers-q10|final-exam-solutions-for-python-programming-62oop21-q11|final-exam-study-guide-trial-python-basics-2023-q15|final-exam-study-guide-trial-python-basics-2023-q21|introduction-to-python-trial-final-exam-solutions-py22-q15|introduction-to-python-trial-final-exam-solutions-py22-q22|resit-exam-guidelines-for-intro-to-python-6013b0470y-july-2023-q17|resit-exam-guidelines-for-intro-to-python-6013b0470y-july-2023-q21|resit-solutions-for-introduction-to-python-35761538-q17|resit-solutions-for-introduction-to-python-35761538-q21|trial-final-exam-solutions-introduction-to-python-3077951-q10
attribute_not_on_self	Attribute Not On Self	Instance state should be stored on `self`, not as a bare local variable that disappears after `__init__`.	10	5	1	0	signature	sample-final-plus-answers-q01|final-exam-solutions-for-python-programming-62oop21-q01|final-exam-study-guide-trial-python-basics-2023-q16|final-exam-study-guide-trial-python-basics-2023-q22|introduction-to-python-trial-final-exam-solutions-py22-q16|resit-exam-guidelines-for-intro-to-python-6013b0470y-july-2023-q16|resit-exam-guidelines-for-intro-to-python-6013b0470y-july-2023-q19|resit-solutions-for-introduction-to-python-35761538-q16|resit-solutions-for-introduction-to-python-35761538-q19|trial-final-exam-solutions-introduction-to-python-3077951-q01
dict_comp_key_value_order	Dict Comp Key Value Order	Dictionary comprehension syntax is `{key_expr: value_expr for ...}` in that order.	10	5	1	0	signature	sample-final-plus-answers-q08|sample-final-plus-answers-q11|final-exam-solutions-for-python-programming-62oop21-q09|final-exam-solutions-for-python-programming-62oop21-q10|final-exam-study-guide-trial-python-basics-2023-q04|introduction-to-python-trial-final-exam-solutions-py22-q04|resit-exam-guidelines-for-intro-to-python-6013b0470y-july-2023-q07|resit-solutions-for-introduction-to-python-35761538-q07|trial-final-exam-solutions-introduction-to-python-3077951-q08|trial-final-exam-solutions-introduction-to-python-3077951-q11
return_in_init	Return In Init	`__init__` initializes the object and should not return a normal value.	10	5	1	0	signature	sample-final-plus-answers-q01|final-exam-solutions-for-python-programming-62oop21-q01|final-exam-study-guide-trial-python-basics-2023-q16|final-exam-study-guide-trial-python-basics-2023-q22|introduction-to-python-trial-final-exam-solutions-py22-q16|resit-exam-guidelines-for-intro-to-python-6013b0470y-july-2023-q16|resit-exam-guidelines-for-intro-to-python-6013b0470y-july-2023-q19|resit-solutions-for-introduction-to-python-35761538-q16|resit-solutions-for-introduction-to-python-35761538-q19|trial-final-exam-solutions-introduction-to-python-3077951-q01
dict_iterates_keys	Dict Iterates Keys	Looping directly over a dictionary yields keys.	9	4	1	0	very-common	sample-final-plus-answers-q20|sample-final-plus-answers-q21|final-exam-solutions-for-python-programming-62oop21-q17|final-exam-solutions-for-python-programming-62oop21-q18|final-exam-study-guide-trial-python-basics-2023-q06|resit-exam-guidelines-for-intro-to-python-6013b0470y-july-2023-q09|resit-solutions-for-introduction-to-python-35761538-q09|trial-final-exam-solutions-introduction-to-python-3077951-q20|trial-final-exam-solutions-introduction-to-python-3077951-q21
dict_order_not_equality	Dict Order Not Equality	Dictionary equality depends on matching key-value pairs, not insertion order.	9	4	1	0	very-common	sample-final-plus-answers-q20|sample-final-plus-answers-q21|final-exam-solutions-for-python-programming-62oop21-q17|final-exam-solutions-for-python-programming-62oop21-q18|final-exam-study-guide-trial-python-basics-2023-q06|resit-exam-guidelines-for-intro-to-python-6013b0470y-july-2023-q09|resit-solutions-for-introduction-to-python-35761538-q09|trial-final-exam-solutions-introduction-to-python-3077951-q20|trial-final-exam-solutions-introduction-to-python-3077951-q21
negative_step_direction	Negative Step Direction	With a negative step, the slice must move from right to left; otherwise it can be empty.	9	4	1	0	very-common	sample-final-plus-answers-q18|final-exam-study-guide-trial-python-basics-2023-q09|final-exam-study-guide-trial-python-basics-2023-q11|introduction-to-python-trial-final-exam-solutions-py22-q09|resit-exam-guidelines-for-intro-to-python-6013b0470y-july-2023-q05|resit-exam-guidelines-for-intro-to-python-6013b0470y-july-2023-q12|resit-solutions-for-introduction-to-python-35761538-q05|resit-solutions-for-introduction-to-python-35761538-q12|trial-final-exam-solutions-introduction-to-python-3077951-q18
slice_stop_exclusive	Slice Stop Exclusive	A slice includes the start index but excludes the stop index.	9	4	1	0	very-common	sample-final-plus-answers-q18|final-exam-study-guide-trial-python-basics-2023-q09|final-exam-study-guide-trial-python-basics-2023-q11|introduction-to-python-trial-final-exam-solutions-py22-q09|resit-exam-guidelines-for-intro-to-python-6013b0470y-july-2023-q05|resit-exam-guidelines-for-intro-to-python-6013b0470y-july-2023-q12|resit-solutions-for-introduction-to-python-35761538-q05|resit-solutions-for-introduction-to-python-35761538-q12|trial-final-exam-solutions-introduction-to-python-3077951-q18
custom_index_not_zero_based	Custom Index Not Zero Based	A custom DataFrame index means label-based selection is not the same as row position.	8	4	1	0	very-common	sample-final-plus-answers-q05|sample-final-plus-answers-q06|final-exam-solutions-for-python-programming-62oop21-q07|introduction-to-python-trial-final-exam-solutions-py22-q14|resit-exam-guidelines-for-intro-to-python-6013b0470y-july-2023-q18|resit-solutions-for-introduction-to-python-35761538-q18|trial-final-exam-solutions-introduction-to-python-3077951-q05|trial-final-exam-solutions-introduction-to-python-3077951-q06
args_tuple_shape	Args Tuple Shape	`*args` collects extra positional arguments into a tuple.	7	5	1	0	very-common	sample-final-plus-answers-q23|final-exam-solutions-for-python-programming-62oop21-q20|final-exam-study-guide-trial-python-basics-2023-q12|introduction-to-python-trial-final-exam-solutions-py22-q12|resit-exam-guidelines-for-intro-to-python-6013b0470y-july-2023-q06|resit-solutions-for-introduction-to-python-35761538-q06|trial-final-exam-solutions-introduction-to-python-3077951-q23
assignment_makes_local	Assignment Makes Local	Assigning to a name inside a function makes it local unless you declare otherwise.	7	5	1	0	very-common	sample-final-plus-answers-q15|final-exam-solutions-for-python-programming-62oop21-q15|final-exam-study-guide-trial-python-basics-2023-q02|introduction-to-python-trial-final-exam-solutions-py22-q02|resit-exam-guidelines-for-intro-to-python-6013b0470y-july-2023-q02|resit-solutions-for-introduction-to-python-35761538-q02|trial-final-exam-solutions-introduction-to-python-3077951-q15
both_neither_all_logic	Both Neither All Logic	Evaluate each statement separately before touching “both”, “neither”, or “all of the above”.	7	5	0	0	very-common	sample-final-plus-answers-q23|final-exam-solutions-for-python-programming-62oop21-q09|final-exam-study-guide-trial-python-basics-2023-q04|final-exam-study-guide-trial-python-basics-2023-q18|introduction-to-python-trial-final-exam-solutions-py22-q13|resit-exam-guidelines-for-intro-to-python-6013b0470y-july-2023-q05|resit-exam-guidelines-for-intro-to-python-6013b0470y-july-2023-q09
broadcast_shape_mismatch	Broadcast Shape Mismatch	The operation tries to combine objects whose shapes do not align for broadcasting.	7	3	1	0	very-common	final-exam-solutions-for-python-programming-62oop21-q05|final-exam-solutions-for-python-programming-62oop21-q06|final-exam-study-guide-trial-python-basics-2023-q20|resit-exam-guidelines-for-intro-to-python-6013b0470y-july-2023-q23|resit-exam-guidelines-for-intro-to-python-6013b0470y-july-2023-q24|resit-solutions-for-introduction-to-python-35761538-q23|resit-solutions-for-introduction-to-python-35761538-q24
compare_both_directions	Compare Both Directions	Comparison-style methods often need to consider both directions or both objects symmetrically.	7	5	1	0	very-common	sample-final-plus-answers-q02|final-exam-solutions-for-python-programming-62oop21-q02|final-exam-study-guide-trial-python-basics-2023-q23|introduction-to-python-trial-final-exam-solutions-py22-q23|resit-exam-guidelines-for-intro-to-python-6013b0470y-july-2023-q20|resit-solutions-for-introduction-to-python-35761538-q20|trial-final-exam-solutions-introduction-to-python-3077951-q02
comprehension_if_else_position	Comprehension If Else Position	The inline `x if cond else y` belongs before the `for`; a filter-only `if` goes after the `for`.	7	5	1	0	very-common	sample-final-plus-answers-q12|final-exam-solutions-for-python-programming-62oop21-q23|final-exam-study-guide-trial-python-basics-2023-q07|introduction-to-python-trial-final-exam-solutions-py22-q07|resit-exam-guidelines-for-intro-to-python-6013b0470y-july-2023-q10|resit-solutions-for-introduction-to-python-35761538-q10|trial-final-exam-solutions-introduction-to-python-3077951-q12
datetime_arg_order	Datetime Arg Order	When building a `datetime`, the positional order is year, month, day (then time parts).	7	4	2	0	very-common	final-exam-solutions-for-python-programming-62oop21-q12|final-exam-study-guide-trial-python-basics-2023-q22|introduction-to-python-trial-final-exam-solutions-py22-q19|introduction-to-python-trial-final-exam-solutions-py22-q21|introduction-to-python-trial-final-exam-solutions-py22-q22|resit-exam-guidelines-for-intro-to-python-6013b0470y-july-2023-q22|resit-solutions-for-introduction-to-python-35761538-q22
format_placeholder_mismatch	Format Placeholder Mismatch	The formatting expression has the wrong placeholder names or positions.	7	4	1	0	very-common	sample-final-plus-answers-q03|final-exam-study-guide-trial-python-basics-2023-q13|final-exam-study-guide-trial-python-basics-2023-q23|introduction-to-python-trial-final-exam-solutions-py22-q13|resit-exam-guidelines-for-intro-to-python-6013b0470y-july-2023-q14|resit-solutions-for-introduction-to-python-35761538-q14|trial-final-exam-solutions-introduction-to-python-3077951-q03
inclusive_plus_one	Inclusive Plus One	Inclusive end-points in loop/range questions often require a `+ 1`.	7	5	1	0	very-common	sample-final-plus-answers-q10|final-exam-solutions-for-python-programming-62oop21-q11|final-exam-study-guide-trial-python-basics-2023-q15|introduction-to-python-trial-final-exam-solutions-py22-q15|resit-exam-guidelines-for-intro-to-python-6013b0470y-july-2023-q17|resit-solutions-for-introduction-to-python-35761538-q17|trial-final-exam-solutions-introduction-to-python-3077951-q10
keyword_binding_by_name	Keyword Binding By Name	Keyword arguments bind by parameter name, not by position.	7	4	1	0	very-common	sample-final-plus-answers-q01|final-exam-solutions-for-python-programming-62oop21-q20|final-exam-solutions-for-python-programming-62oop21-q21|final-exam-study-guide-trial-python-basics-2023-q10|resit-exam-guidelines-for-intro-to-python-6013b0470y-july-2023-q04|resit-solutions-for-introduction-to-python-35761538-q04|trial-final-exam-solutions-introduction-to-python-3077951-q01
kwargs_values_not_keys	Kwargs Values Not Keys	`**kwargs` stores keyword arguments in a dictionary of key-value pairs.	7	5	1	0	very-common	sample-final-plus-answers-q23|final-exam-solutions-for-python-programming-62oop21-q20|final-exam-study-guide-trial-python-basics-2023-q12|introduction-to-python-trial-final-exam-solutions-py22-q12|resit-exam-guidelines-for-intro-to-python-6013b0470y-july-2023-q06|resit-solutions-for-introduction-to-python-35761538-q06|trial-final-exam-solutions-introduction-to-python-3077951-q23
map_element_only_vs_apply_row	Map Element Only Vs Apply Row	`map` works element-wise on a Series; row-wise logic across multiple columns usually needs `apply(axis=1)` or vectorized code.	7	4	1	0	very-common	final-exam-solutions-for-python-programming-62oop21-q05|final-exam-study-guide-trial-python-basics-2023-q19|final-exam-study-guide-trial-python-basics-2023-q20|introduction-to-python-trial-final-exam-solutions-py22-q19|introduction-to-python-trial-final-exam-solutions-py22-q20|resit-exam-guidelines-for-intro-to-python-6013b0470y-july-2023-q24|resit-solutions-for-introduction-to-python-35761538-q24
map_expression_not_function	Map Expression Not Function	`map`/`apply` need a function or callable, not a value that was already computed.	7	4	1	0	very-common	final-exam-solutions-for-python-programming-62oop21-q05|final-exam-study-guide-trial-python-basics-2023-q19|final-exam-study-guide-trial-python-basics-2023-q20|introduction-to-python-trial-final-exam-solutions-py22-q19|introduction-to-python-trial-final-exam-solutions-py22-q20|resit-exam-guidelines-for-intro-to-python-6013b0470y-july-2023-q24|resit-solutions-for-introduction-to-python-35761538-q24
membership_checks_keys	Membership Checks Keys	`in` on a dictionary checks keys by default, not values.	7	4	2	0	very-common	sample-final-plus-answers-q17|final-exam-study-guide-trial-python-basics-2023-q01|introduction-to-python-trial-final-exam-solutions-py22-q01|introduction-to-python-trial-final-exam-solutions-py22-q10|resit-exam-guidelines-for-intro-to-python-6013b0470y-july-2023-q05|resit-solutions-for-introduction-to-python-35761538-q05|trial-final-exam-solutions-introduction-to-python-3077951-q17
method_call_in_fstring	Method Call In Fstring	In f-strings, you still need valid Python expressions; missing parentheses or quotes break them.	7	5	1	0	very-common	sample-final-plus-answers-q02|final-exam-solutions-for-python-programming-62oop21-q02|final-exam-study-guide-trial-python-basics-2023-q23|introduction-to-python-trial-final-exam-solutions-py22-q23|resit-exam-guidelines-for-intro-to-python-6013b0470y-july-2023-q20|resit-solutions-for-introduction-to-python-35761538-q20|trial-final-exam-solutions-introduction-to-python-3077951-q02
misspelled_variable_name	Misspelled Variable Name	The code references a different variable name than the one that was actually defined.	7	4	1	0	very-common	sample-final-plus-answers-q03|final-exam-study-guide-trial-python-basics-2023-q13|final-exam-study-guide-trial-python-basics-2023-q23|introduction-to-python-trial-final-exam-solutions-py22-q13|resit-exam-guidelines-for-intro-to-python-6013b0470y-july-2023-q14|resit-solutions-for-introduction-to-python-35761538-q14|trial-final-exam-solutions-introduction-to-python-3077951-q03
mutable_default_list	Mutable Default List	Using a mutable object like `[]` as a default can leak state across calls.	7	5	1	0	very-common	sample-final-plus-answers-q02|final-exam-solutions-for-python-programming-62oop21-q02|final-exam-study-guide-trial-python-basics-2023-q24|introduction-to-python-trial-final-exam-solutions-py22-q16|resit-exam-guidelines-for-intro-to-python-6013b0470y-july-2023-q20|resit-solutions-for-introduction-to-python-35761538-q20|trial-final-exam-solutions-introduction-to-python-3077951-q02
series_vs_dataframe_shape	Series Vs Dataframe Shape	Single-bracket vs double-bracket selection changes whether you get a Series or a DataFrame.	7	5	1	0	very-common	sample-final-plus-answers-q05|final-exam-solutions-for-python-programming-62oop21-q07|final-exam-study-guide-trial-python-basics-2023-q14|introduction-to-python-trial-final-exam-solutions-py22-q14|resit-exam-guidelines-for-intro-to-python-6013b0470y-july-2023-q18|resit-solutions-for-introduction-to-python-35761538-q18|trial-final-exam-solutions-introduction-to-python-3077951-q05
state_stored_on_instance	State Stored On Instance	If later methods need the value, store it on the instance as an attribute.	7	5	1	0	very-common	sample-final-plus-answers-q02|final-exam-solutions-for-python-programming-62oop21-q02|final-exam-study-guide-trial-python-basics-2023-q24|introduction-to-python-trial-final-exam-solutions-py22-q16|resit-exam-guidelines-for-intro-to-python-6013b0470y-july-2023-q20|resit-solutions-for-introduction-to-python-35761538-q20|trial-final-exam-solutions-introduction-to-python-3077951-q02
vectorized_ops_vs_map	Vectorized Ops Vs Map	Many column operations can be done directly with vectorized arithmetic/string methods instead of element-wise mapping.	7	3	1	0	very-common	final-exam-solutions-for-python-programming-62oop21-q05|final-exam-solutions-for-python-programming-62oop21-q06|final-exam-study-guide-trial-python-basics-2023-q20|resit-exam-guidelines-for-intro-to-python-6013b0470y-july-2023-q23|resit-exam-guidelines-for-intro-to-python-6013b0470y-july-2023-q24|resit-solutions-for-introduction-to-python-35761538-q23|resit-solutions-for-introduction-to-python-35761538-q24
append_index_vs_value	Append Index Vs Value	Appending to a list adds a value; it does not create or shift indices the way distractors imply.	6	4	1	0	very-common	sample-final-plus-answers-q18|final-exam-solutions-for-python-programming-62oop21-q23|final-exam-solutions-for-python-programming-62oop21-q24|final-exam-study-guide-trial-python-basics-2023-q08|introduction-to-python-trial-final-exam-solutions-py22-q08|trial-final-exam-solutions-introduction-to-python-3077951-q18
lexicographic_vs_sum	Lexicographic Vs Sum	`max()` on lists compares lexicographically unless you tell it to compare by a derived numeric key.	6	4	1	0	very-common	sample-final-plus-answers-q18|final-exam-solutions-for-python-programming-62oop21-q23|final-exam-solutions-for-python-programming-62oop21-q24|final-exam-study-guide-trial-python-basics-2023-q08|introduction-to-python-trial-final-exam-solutions-py22-q08|trial-final-exam-solutions-introduction-to-python-3077951-q18
replace_count_order	Replace Count Order	The optional count in `replace` comes after old and new strings.	6	4	1	0	very-common	final-exam-solutions-for-python-programming-62oop21-q04|final-exam-solutions-for-python-programming-62oop21-q19|final-exam-study-guide-trial-python-basics-2023-q18|introduction-to-python-trial-final-exam-solutions-py22-q18|resit-exam-guidelines-for-intro-to-python-6013b0470y-july-2023-q13|resit-solutions-for-introduction-to-python-35761538-q13
shuffle_sort_in_place	Shuffle Sort In Place	`list.sort()` and `random.shuffle()` mutate a list in place instead of returning a sorted/shuffled copy.	6	5	1	0	very-common	sample-final-plus-answers-q04|final-exam-solutions-for-python-programming-62oop21-q04|final-exam-solutions-for-python-programming-62oop21-q19|final-exam-study-guide-trial-python-basics-2023-q17|introduction-to-python-trial-final-exam-solutions-py22-q17|resit-exam-guidelines-for-intro-to-python-6013b0470y-july-2023-q21
string_not_datetime	String Not Datetime	String methods and datetime methods are not interchangeable; convert first if needed.	6	4	2	0	very-common	final-exam-solutions-for-python-programming-62oop21-q12|final-exam-study-guide-trial-python-basics-2023-q22|introduction-to-python-trial-final-exam-solutions-py22-q21|introduction-to-python-trial-final-exam-solutions-py22-q22|resit-exam-guidelines-for-intro-to-python-6013b0470y-july-2023-q22|resit-solutions-for-introduction-to-python-35761538-q22
boolean_mask_parentheses	Boolean Mask Parentheses	Compound pandas boolean masks need parentheses around each comparison.	5	3	1	0	very-common	final-exam-solutions-for-python-programming-62oop21-q07|final-exam-solutions-for-python-programming-62oop21-q08|final-exam-study-guide-trial-python-basics-2023-q19|resit-exam-guidelines-for-intro-to-python-6013b0470y-july-2023-q23|resit-solutions-for-introduction-to-python-35761538-q23
case_method_pipeline	Case Method Pipeline	Case-changing methods return new strings, so multi-step pipelines must use the returned value.	5	3	1	0	very-common	sample-final-plus-answers-q12|introduction-to-python-trial-final-exam-solutions-py22-q18|resit-exam-guidelines-for-intro-to-python-6013b0470y-july-2023-q10|resit-solutions-for-introduction-to-python-35761538-q10|trial-final-exam-solutions-introduction-to-python-3077951-q12
condition_precedence_brackets	Condition Precedence Brackets	Boolean expressions become error-prone when `and`/`or` precedence is not made explicit.	5	3	1	0	very-common	sample-final-plus-answers-q17|final-exam-study-guide-trial-python-basics-2023-q01|introduction-to-python-trial-final-exam-solutions-py22-q01|introduction-to-python-trial-final-exam-solutions-py22-q10|trial-final-exam-solutions-introduction-to-python-3077951-q17
count_is_method	Count Is Method	`count` is a method on the sequence/string object, not a standalone built-in here.	5	3	1	0	very-common	sample-final-plus-answers-q22|introduction-to-python-trial-final-exam-solutions-py22-q11|resit-exam-guidelines-for-intro-to-python-6013b0470y-july-2023-q13|resit-solutions-for-introduction-to-python-35761538-q13|trial-final-exam-solutions-introduction-to-python-3077951-q22
find_minus_one_index_valueerror	Find Minus One Index Valueerror	`find` returns `-1` when missing; `index` raises an error.	5	3	1	0	very-common	sample-final-plus-answers-q22|introduction-to-python-trial-final-exam-solutions-py22-q11|resit-exam-guidelines-for-intro-to-python-6013b0470y-july-2023-q13|resit-solutions-for-introduction-to-python-35761538-q13|trial-final-exam-solutions-introduction-to-python-3077951-q22
invalid_dataframe_tuple_index	Invalid Dataframe Tuple Index	A plain DataFrame cannot be indexed with a tuple the way the distractor attempts.	5	3	1	0	very-common	final-exam-solutions-for-python-programming-62oop21-q07|final-exam-solutions-for-python-programming-62oop21-q08|final-exam-study-guide-trial-python-basics-2023-q19|resit-exam-guidelines-for-intro-to-python-6013b0470y-july-2023-q23|resit-solutions-for-introduction-to-python-35761538-q23
lambda_call_shape	Lambda Call Shape	The lambda or higher-order function expects a function object, not the result of calling it too early.	5	2	1	0	common	sample-final-plus-answers-q16|sample-final-plus-answers-q23|final-exam-solutions-for-python-programming-62oop21-q22|trial-final-exam-solutions-introduction-to-python-3077951-q16|trial-final-exam-solutions-introduction-to-python-3077951-q23
parse_host_before_extension	Parse Host Before Extension	When parsing URLs/emails, isolate the host/domain before trying to take the extension/TLD.	5	3	1	0	very-common	sample-final-plus-answers-q04|final-exam-solutions-for-python-programming-62oop21-q03|resit-exam-guidelines-for-intro-to-python-6013b0470y-july-2023-q15|resit-solutions-for-introduction-to-python-35761538-q15|trial-final-exam-solutions-introduction-to-python-3077951-q04
range_stop_exclusive	Range Stop Exclusive	`range(start, stop)` stops before `stop`.	5	3	1	0	very-common	sample-final-plus-answers-q14|final-exam-solutions-for-python-programming-62oop21-q14|resit-exam-guidelines-for-intro-to-python-6013b0470y-july-2023-q04|resit-solutions-for-introduction-to-python-35761538-q04|trial-final-exam-solutions-introduction-to-python-3077951-q14
while_condition_off_by_one	While Condition Off By One	The loop condition is off by one, so it runs one time too many or too few.	5	3	1	0	very-common	sample-final-plus-answers-q14|final-exam-solutions-for-python-programming-62oop21-q14|resit-exam-guidelines-for-intro-to-python-6013b0470y-july-2023-q04|resit-solutions-for-introduction-to-python-35761538-q04|trial-final-exam-solutions-introduction-to-python-3077951-q14
format_too_early	Format Too Early	Formatting happened before the needed values were available or before iteration finished.	4	3	1	0	common	final-exam-study-guide-trial-python-basics-2023-q21|introduction-to-python-trial-final-exam-solutions-py22-q22|resit-exam-guidelines-for-intro-to-python-6013b0470y-july-2023-q21|resit-solutions-for-introduction-to-python-35761538-q21
self_passed_twice	Self Passed Twice	When you call `obj.method(...)`, Python passes `self` automatically; do not pass it again.	4	3	1	0	common	final-exam-solutions-for-python-programming-62oop21-q01|introduction-to-python-trial-final-exam-solutions-py22-q24|resit-exam-guidelines-for-intro-to-python-6013b0470y-july-2023-q19|resit-solutions-for-introduction-to-python-35761538-q19
sort_index_vs_sort_values	Sort Index Vs Sort Values	`sort_index()` reorders by labels; `sort_values()` reorders by data values.	4	3	1	0	common	sample-final-plus-answers-q06|final-exam-solutions-for-python-programming-62oop21-q08|introduction-to-python-trial-final-exam-solutions-py22-q20|trial-final-exam-solutions-introduction-to-python-3077951-q06
column_transform_assignment	Column Transform Assignment	Creating or updating a column requires assigning the transformed Series back to the DataFrame.	3	2	1	0	common	introduction-to-python-trial-final-exam-solutions-py22-q19|resit-exam-guidelines-for-intro-to-python-6013b0470y-july-2023-q22|resit-solutions-for-introduction-to-python-35761538-q22
negative_indices	Negative Indices	Negative indices count from the end of the sequence.	3	2	1	0	common	final-exam-solutions-for-python-programming-62oop21-q13|resit-exam-guidelines-for-intro-to-python-6013b0470y-july-2023-q01|resit-solutions-for-introduction-to-python-35761538-q01
nested_index_order	Nested Index Order	Nested indexing must be applied in the correct order: outer container first, then inner item.	3	2	1	0	common	final-exam-solutions-for-python-programming-62oop21-q13|resit-exam-guidelines-for-intro-to-python-6013b0470y-july-2023-q01|resit-solutions-for-introduction-to-python-35761538-q01
sorted_running_total_shape	Sorted Running Total Shape	The distractor produces the wrong shape or nesting when trying to sort or accumulate running totals.	3	2	1	0	common	sample-final-plus-answers-q19|final-exam-solutions-for-python-programming-62oop21-q16|trial-final-exam-solutions-introduction-to-python-3077951-q19
zip_next_link	Zip Next Link	Creating “next item” dictionaries usually needs `zip(items, items[1:])` or a similar offset pairing.	3	2	1	0	common	sample-final-plus-answers-q19|final-exam-solutions-for-python-programming-62oop21-q16|trial-final-exam-solutions-introduction-to-python-3077951-q19
dataframe_column_lists_same_length	Dataframe Column Lists Same Length	When constructing a DataFrame from lists, the columns must have matching lengths.	2	1	1	0	occasional	resit-exam-guidelines-for-intro-to-python-6013b0470y-july-2023-q15|resit-solutions-for-introduction-to-python-35761538-q15
import_alias_name_mismatch	Import Alias Name Mismatch	When you import with an alias, only the alias is available in that scope.	2	1	1	0	occasional	sample-final-plus-answers-q24|trial-final-exam-solutions-introduction-to-python-3077951-q24
overlap_is_not_nonoverlap	Overlap Is Not Nonoverlap	Overlap conditions are easiest to write by negating the non-overlap cases carefully.	2	2	1	0	occasional	final-exam-solutions-for-python-programming-62oop21-q12|introduction-to-python-trial-final-exam-solutions-py22-q21
set_removes_duplicates	Set Removes Duplicates	A set removes duplicates and does not preserve list-style ordering semantics.	2	1	1	0	occasional	resit-exam-guidelines-for-intro-to-python-6013b0470y-july-2023-q05|resit-solutions-for-introduction-to-python-35761538-q05
